Workbook

Sheet Respostas ao formulário 1
A1: Carimbo de data/hora | B1: Endereço de e-mail | C1: Nome Completo: | D1: Confirme o E-mail | E1: CPF | F1: Data de Nascimento | G1: Telefone (XX)XXXXX-XXXX | H1: Município que representa: | I1: Você faz parte do: | J1: Que cargo você ocupa na gestão municipal? | K1: Prezado(a) Gestor(a), Se existe algum caso de sucesso da gestão do transporte escolar no seu município, gostaríamos conhecer mais um pouco ao respeito. Por favor, relate de forma sucinta o caso de sucesso no espaço a seguir: | L1: Que cargo você ocupa no CACS-FUNDEB? | M1: Confirmação de veracidade dos dados
A2: 46107.681 | B2: smedoverlandia@gmail.com | C2: ALZIRO ZARU PIRES DA SILVA | D2: smedoverlandia@gmail.com | E2: 323.377.011-15 | F2: 23085 | G2: (64)98431-9400 | H2: Doverlândia (GO) | I2: Gestão municipal | J2: Chefe dos Transportadores | M2: Declaro que revisei e confirmo a veracidade de todas as informações prestadas neste formulário.
A3: 46107.711 | B3: sec.educacao@cachoeiraalta.go.gov.br | C3: luciene guimarães franco | D3: sec.educacao@cachoeiraalta.go.gov.br | E3: 576.203.931-53 | F3: 25800 | G3: (64)99615-0014 | H3: Cachoeira Alta (GO) | I3: CACS-FUNDEB | L3: gestora municipal de educação e cultura | M3: Declaro que revisei e confirmo a veracidade de todas as informações prestadas neste formulário.
A4: 46108.34 | B4: aparecidat197@gmail.com | C4: TANIA APARECIDA NASCIMENTO PELISARI | D4: aparecidat197@gmail.com | E4: 037.474.671-05 | F4: 32715 | G4: (66)99982-0064 | H4: Santa Rita do Araguaia (GO) | I4: CACS-FUNDEB | L4: REPRESENTANTE DA SECRETARIA MUNICIPAL DE EDUCAÇÃO | M4: Declaro que revisei e confirmo a veracidade de todas as informações prestadas neste formulário.
A5: 46108.364 | B5: dorvalino1987@hotmail.com | C5: Dorvalino Ferreira Barros | D5: dorvalino1987@hotmail.com | E5: 016.281.851-39 | F5: 32037 | G5: (64)99907-0479 | H5: Caiapônia (GO) | I5: Gestão municipal | J5: Coordenador do Transporte Escolar | M5: Declaro que revisei e confirmo a veracidade de todas as informações prestadas neste formulário.
A6: 46108.367 | B6: dorvalino1987@hotmail.com | C6: Dorvalino Ferreira Barros | D6: dorvalino1987@hotmail.com | E6: 016.281.851-39 | F6: 32037 | G6: (64)99907-0479 | H6: Caiapônia (GO) | I6: Gestão municipal | J6: Coordenador do Transporte Escolar | M6: Declaro que revisei e confirmo a veracidade de todas as informações prestadas neste formulário.
A7: 46108.389 | B7: helrigle@gnsil.com | C7: Meire Helrigle Goulart e Carvalho | D7: helrigle@gmail.com | E7: 347.109.141-68 | F7: 23711 | G7: (64)99626-7735 | H7: Caiapônia (GO) | I7: Gestão municipal | J7: Dirigente municipal | M7: Declaro que revisei e confirmo a veracidade de todas as informações prestadas neste formulário.
A8: 46108.394 | B8: helrigle@gmail.com | C8: Meire Helrigle Goulart e Carvalho | D8: helrigle@gmail.com | E8: 357.209.141-68 | F8: 23711 | G8: (64)99626-7735 | H8: Caiapônia (GO) | I8: Gestão municipal | J8: Dirigente municipal | M8: Declaro que revisei e confirmo a veracidade de todas as informações prestadas neste formulário.
A9: 46108.458 | B9: billtransporte2025@hotmail.com | C9: Edilson Silva Alarcão | D9: billtransporte2025@hotmail.com | E9: 617.753.201-20 | F9: 25729 | G9: (64)99947-2552 | H9: Cachoeira Alta (GO) | I9: Gestão municipal | J9: secretário de transporte | M9: Declaro que revisei e confirmo a veracidade de todas as informações prestadas neste formulário.
A10: 46108.623 | B10: transporteescolar@cachoeiraalta.go.gov.br | C10: Matheus Vinícius Vieira Santos | D10: transporteescolar@cachoeiraalta.go.gov.br | E10: 041.321.081-20 | F10: 35017 | G10: (64)98133-1281 | H10: Cachoeira Alta (GO) | I10: Gestão municipal | J10: Coordenador de Transporte | M10: Declaro que revisei e confirmo a veracidade de todas as informações prestadas neste formulário.
A11: 46108.809 | B11: iraneidemms@outlook.com | C11: Iraneide Maria de Morais Silveira | D11: Iraneidemms@outlook.com | E11: 597.611.801-15 | F11: 26391 | G11: (64)99976-5379 | H11: Cachoeira Alta (GO) | I11: CACS-FUNDEB | L11: Presidente | M11: Declaro que revisei e confirmo a veracidade de todas as informações prestadas neste formulário.
A12: 46109.798 | B12: leomarinacio22@hotmail.com | C12: Leomar Inácio da Silva | D12: leomarinacio22@hotmail.com | E12: 698.382.671-04 | F12: 29265 | G12: (66)99622-5784 | H12: Santa Rita do Araguaia (GO) | I12: Gestão municipal | J12: Coordenador do Transporte Escolar | M12: Declaro que revisei e confirmo a veracidade de todas as informações prestadas neste formulário.
A13: 46112.385 | B13: Iraneidemms@outlook.com | C13: Iraneide Maria de Morais Silveira | D13: Iraneidemms@outlook.com | E13: 597.611.801-15 | F13: 26391 | G13: (64)99976-5379 | H13: Cachoeira Alta (GO) | I13: CACS-FUNDEB | L13: presidente | M13: Declaro que revisei e confirmo a veracidade de todas as informações prestadas neste formulário.
A14: 46112.391 | B14: lilianalves_pedro@hotmail.com | C14: Lilian Lemes Silva | D14: lilianalves_pedro@hotmail.com | E14: 916.647.051-04 | F14: 29337 | G14: (64)99329-9420 | H14: Porteirão (GO) | I14: Gestão municipal | J14: Tecnica da Secretaria Municipal de Educação | M14: Declaro que revisei e confirmo a veracidade de todas as informações prestadas neste formulário.
A15: 46112.393 | B15: lilianalves_pedro@hotmail.com | C15: Lilian Lemes Silva | D15: lilianalves_pedro@hotmail.com | E15: 916.647.051-04 | F15: 29337 | G15: (64)99329-9420 | H15: Porteirão (GO) | I15: Gestão municipal | J15: Técnica da Secretaria Municipal de Educação | M15: Declaro que revisei e confirmo a veracidade de todas as informações prestadas neste formulário.
A16: 46112.646 | B16: m.lucia34@hotmail.com | C16: Maria Lúcia Pereira dps Santos | D16: m.lucia34@hotmail.com | E16: 712.177.031-87 | F16: 28162 | G16: (64)99318-3209 | H16: Perolândia (GO) | I16: Gestão municipal | J16: Coordenadora do Transporte escolar | M16: Declaro que revisei e confirmo a veracidade de todas as informações prestadas neste formulário.
A17: 46112.649 | B17: m.lucia34@hotmail.com | C17: Maria Lúcia Pereira dos Santos | D17: m.lucia34@hotmail.com | E17: 712.177.031-87 | F17: 28162 | G17: (64)99318-3209 | H17: Perolândia (GO) | I17: Gestão municipal | J17: Coordenador do Transporte Escolar | M17: Declaro que revisei e confirmo a veracidade de todas as informações prestadas neste formulário.
A18: 46112.651 | B18: eugeniapereira845@gmail.com | C18: Eugenia Pereira dos Santos Souza | D18: eugeniapereira845@gmail.com | E18: 877.708.651-15 | F18: 29359 | G18: (64)99320-5025 | H18: Perolândia (GO) | I18: CACS-FUNDEB | L18: Conselheira | M18: Declaro que revisei e confirmo a veracidade de todas as informações prestadas neste formulário.
A19: 46112.654 | B19: eugeniapereira845@gmail.com | C19: Eugenia Pereira dos Santos Souza | D19: eugeniapereira845@gmail.com | E19: 877.708.651-15 | F19: 29359 | G19: (64)99320-5025 | H19: Perolândia (GO) | I19: CACS-FUNDEB | L19: Conselheira | M19: Declaro que revisei e confirmo a veracidade de todas as informações prestadas neste formulário.
A20: 46118.331 | B20: andreoliveiralima@hormail.com | C20: Andre Oliveira Lima | D20: andreoliveiralima@hotmail.com | E20: 857.649.141-91 | F20: 28359 | G20: (94)98413-5970 | H20: Araguainha (MT) | I20: CACS-FUNDEB | L20: Presidência do Cacs Fundeb | M20: Declaro que revisei e confirmo a veracidade de todas as informações prestadas neste formulário.
A21: 46118.538 | B21: patysousaguerreiro@hotmail.com | C21: Patrícia de Sousa Guerreiro | D21: patysousaguerreiro@hotmail.com | E21: 928.754.321-68 | F21: 28668 | G21: (62)98603-4910 | H21: São Simão (GO) | I21: Gestão municipal | J21: Coordenadora Transporte Escolar | M21: Declaro que revisei e confirmo a veracidade de todas as informações prestadas neste formulário.
A22: 46118.57 | B22: rosangelacarolisa@hotmail.com | C22: Rosângela Carvalho de Oliveira Santos | D22: rosangelacarolisa@hotmail.com | E22: 089.354.908-81 | F22: 24713 | G22: (66)99903-2946 | H22: Alto Taquari (MT) | I22: Gestão municipal | J22: Coordenadora | M22: Declaro que revisei e confirmo a veracidade de todas as informações prestadas neste formulário.
A23: 46118.582 | B23: joaodias.dsm@gmail.com | C23: Joao Dias de Freitas | D23: joaodias.dsm@gmail.com | E23: 437.518.811-15 | F23: 25051 | G23: (66)99986-8259 | H23: Alto Araguaia (MT) | I23: Gestão municipal | J23: Secretario Administrativo | M23: Declaro que revisei e confirmo a veracidade de todas as informações prestadas neste formulário.
A24: 46118.583 | B24: keiko0cmbr@gmail.com | C24: Thalya Aparecida Viana da silva | D24: keiko0cmbr@gmail.com | E24: 066.707.531-36 | F24: 36317 | G24: (66)99928-8083 | H24: Alto Araguaia (MT) | I24: Gestão municipal | J24: coordenadora geoter | M24: Declaro que revisei e confirmo a veracidade de todas as informações prestadas neste formulário.
A25: 46118.601 | B25: keilafreitas.pohlman@gmail.com | C25: Keila Martins de Freitas e Zurita Pohlman | D25: keilafreitas.pohlman@gmail.com | E25: 001.547.661-86 | F25: 30414 | G25: (66)99634-3309 | H25: Ponte Branca (MT) | I25: Gestão municipal | J25: Direção escolar | M25: Declaro que revisei e confirmo a veracidade de todas as informações prestadas neste formulário.
A26: 46118.61 | B26: fbnicodemos@gmail.com | C26: Fábio Nicodemos Domingues Moura | D26: fbnicodemos@gmail.com | E26: 886.767.261-68 | F26: 29307 | G26: (65)99998-5617 | H26: Ponte Branca (MT) | I26: Gestão municipal | J26: Técnico administrativo educacional | M26: Declaro que revisei e confirmo a veracidade de todas as informações prestadas neste formulário.
A27: 46119.371 | B27: daynamota321@gmail.com | C27: Dayana Cristina Mota | D27: dayanamota321@gmail.com | E27: 016.291.261-79 | F27: 31369 | G27: (64)98125-4179 | H27: Amorinópolis (GO) | I27: Gestão municipal | J27: Secretaria Municipal de Educação | M27: Declaro que revisei e confirmo a veracidade de todas as informações prestadas neste formulário.
A28: 46119.666 | B28: mauricelianfarias@gmail.com | C28: MAURICÉLIA DO NASCIMENTO FARIAS | D28: mauricelianfarias@gmail.com | E28: 938.154.091-87 | F28: 29387 | G28: (64)99606-1526 | H28: Montividiu (GO) | I28: Gestão municipal | J28: SECRETÁRIA DE EDUCAÇÃO | M28: Declaro que revisei e confirmo a veracidade de todas as informações prestadas neste formulário.
A29: 46119.671 | B29: carvalhopedagoga@hotmail.com | C29: Vanea Martins de Carvalho | D29: carvalhopedagoga@hotmail.com | E29: 409.576.161-04 | F29: 24867 | G29: (64)99259-8515 | H29: Aparecida do Rio Doce (GO) | I29: Gestão municipal | J29: Secretaria Municipal de Educação | M29: Declaro que revisei e confirmo a veracidade de todas as informações prestadas neste formulário.
A30: 46119.676 | B30: neuma_mtv@hotmail.com | C30: NEUMA ANDRADE DOS SANTOS SOUZA | D30: neuma_mtv@hotmail.com | E30: 001.371.251-30 | F30: 30351 | G30: (64)99932-4754 | H30: Montividiu (GO) | I30: Gestão municipal | J30: COORDENADORA DE GESTÃO EDUCACIONAL | M30: Declaro que revisei e confirmo a veracidade de todas as informações prestadas neste formulário.
A31: 46119.698 | B31: ted.mtv@hotmail.com | C31: ELIAS DIAS DOS SANTOS | D31: ted.mtv@hotmail.com | E31: 921.116.961-53 | F31: 28128 | G31: (64)99611-0557 | H31: Montividiu (GO) | I31: Gestão municipal | J31: MOTORISTA | M31: Declaro que revisei e confirmo a veracidade de todas as informações prestadas neste formulário.
A32: 46119.705 | B32: salesduda369@gmail.com | C32: MARIA EDUARDA DE SALES GOUVEIA DANTAS | D32: salesduda369@gmail.com | E32: 088.166.151-17 | F32: 38419 | G32: (64)99968-6217 | H32: Montividiu (GO) | I32: Gestão municipal | J32: DIRETORA DO TRANSPORTE ESCOLAR | M32: Declaro que revisei e confirmo a veracidade de todas as informações prestadas neste formulário.
A33: 46120.411 | B33: cacildahborges@gmail.com | C33: Cacilda Helena Borges | D33: Cacildahborges@gmail.com | E33: 418.241.301-63 | F33: 24684 | G33: (64)99931-2442 | H33: Bom Jesus de Goiás (GO) | I33: Gestão municipal | J33: Coordenadora Pedagógica do Transporte Escolar | M33: Declaro que revisei e confirmo a veracidade de todas as informações prestadas neste formulário.
A34: 46120.434 | B34: educacao@bomjesus.go.gov.br | C34: IRACILDA MARIA NUNES VELUTA ALVES | D34: educacao@bomjesus.go.gov.br | E34: 576.372.531-04 | F34: 26564 | G34: (64)98167-9305 | H34: Bom Jesus de Goiás (GO) | I34: CACS-FUNDEB | L34: assessora administrativa | M34: Declaro que revisei e confirmo a veracidade de todas as informações prestadas neste formulário.
A35: 46120.438 | B35: educacao@bomjesus.go.gov.br | C35: ELIENE MIRANDA DA HORA | D35: educacao@bomjesus.go.gov.br | E35: 859.778.961-15 | F35: 28103 | G35: (64)98134-4141 | H35: Bom Jesus de Goiás (GO) | I35: Gestão municipal | J35: SECRETÁRIA MUNICIPAL DE EDUCAÇÃO | M35: Declaro que revisei e confirmo a veracidade de todas as informações prestadas neste formulário.
A36: 46121.685 | B36: karyne.semedcr@gmail.com | C36: Karyne Lourraine Almeida Pádua | D36: karyne.semedcr@gmail.com | E36: 051.206.131-95 | F36: 34809 | G36: (67)98220-8179 | H36: Costa Rica (MS) | I36: Gestão municipal | J36: Alimentação do sistema sete e prestação de convênios do estado | M36: Declaro que revisei e confirmo a veracidade de todas as informações prestadas neste formulário.
A37: 46121.687 | B37: secretariaeducacao@cassilandia.ms.gov.br | C37: Gabriel Wanderley de Mendonça | D37: secretariaeducacao@cassilandia.ms.gov.br | E37: 000.596.861-54 | F37: 30385 | G37: (67)98104-4997 | H37: Cassilândia (MS) | I37: Gestão municipal | J37: Assessor Escolar | M37: Declaro que revisei e confirmo a veracidade de todas as informações prestadas neste formulário.
A38: 46121.697 | B38: transporteescolardecassilandia@gmail.com | C38: Romeu Goulart da Silva | D38: transporteescolardecassilandia@gmail.com | E38: 312.097.501-04 | F38: 22943 | G38: (67)98129-2310 | H38: Cassilândia (MS) | I38: Gestão municipal | J38: Escriturário | M38: Declaro que revisei e confirmo a veracidade de todas as informações prestadas neste formulário.
A39: 46121.705 | B39: franzwillians@gmail.com | C39: FRANZ WILLIANS COIMBRA MARTINS | D39: franzwillians@gmail.com | E39: 851.073.361-91 | F39: 28648 | G39: (67)99337-0272 | H39: Cassilândia (MS) | I39: Gestão municipal | J39: CHEFE DE DIVISÃO DO TRANSPORTE ESCOLAR | M39: Declaro que revisei e confirmo a veracidade de todas as informações prestadas neste formulário.
A40: 46122.379 | B40: keily_nunes@hotmail.com | C40: Keily Junior Almeida Nunes | D40: Keily_nunes@hotmail.com | E40: 977.467.621-15 | F40: 30211 | G40: (67)99603-1501 | H40: Costa Rica (MS) | I40: Gestão municipal | J40: Coordenador transporte escolar | K40: Oficina própria | M40: Declaro que revisei e confirmo a veracidade de todas as informações prestadas neste formulário.
A41: 46125.584 | B41: auxmary@hotmail.com | C41: Maria Auxiliadora Nascimento Vilas Boas | D41: auxmary@hotmail.com | E41: 004.541.661-33 | F41: 30527 | G41: (64)99966-2829 | H41: Inaciolândia (GO) | I41: CACS-FUNDEB | L41: secretária | M41: Declaro que revisei e confirmo a veracidade de todas as informações prestadas neste formulário.
A42: 46125.584 | B42: lauraandrine@gmail.com | C42: Laura Andrade Silva Neves | D42: lauraandrine@gmail.com | E42: 032.976.791-74 | F42: 31671 | G42: (64)99660-4774 | H42: Jataí (GO) | I42: Gestão municipal | J42: Transporte escolar | M42: Declaro que revisei e confirmo a veracidade de todas as informações prestadas neste formulário.
A43: 46125.588 | B43: lauraandrine@gmail.com | C43: Laura Andrade Silva Neves | D43: lauraandrine@gmail.com | E43: 032.976.792-74 | F43: 31671 | G43: (64)99660-4774 | H43: Inaciolândia (GO) | I43: Gestão municipal | J43: Transporte escolar | M43: Declaro que revisei e confirmo a veracidade de todas as informações prestadas neste formulário.
A44: 46125.598 | B44: rogergmartins@hotmail.com | C44: Rogério Gomes Martins | D44: rogergmartins@hotmail.com | E44: 024.398.821-43 | F44: 32272 | G44: (64)97400-8118 | H44: Aporé (GO) | I44: Gestão municipal | J44: Administrativo | M44: Declaro que revisei e confirmo a veracidade de todas as informações prestadas neste formulário.
A45: 46125.694 | B45: PG2636236@gmail.com | C45: paulo gomes silva | D45: pg2636326@gmail.com | E45: 037.728.231-65 | F45: 33950 | G45: (64)99326-4112 | H45: Aporé (GO) | I45: Gestão municipal | J45: Administrativo | M45: Declaro que revisei e confirmo a veracidade de todas as informações prestadas neste formulário.
A46: 46126.369 | B46: alesangil@hotmail.com | C46: ALESSANDRA QUEIROZ BARROS FUNES | D46: alesangil@hotmail.com | E46: 580.756.401-44 | F46: 26731 | G46: (66)99603-4149 | H46: Alto Garças (MT) | I46: Gestão municipal | J46: TECNICA ADMINISTRATIVA EDUCACIONAL | M46: Declaro que revisei e confirmo a veracidade de todas as informações prestadas neste formulário.
A47: 46126.39 | B47: educacao@altogarcas.mt.gov.br | C47: ROSILENE CEZAR L'ASTORINA | D47: educacao@altogarcas.mt.gov.br | E47: 458.386.741-72 | F47: 25755 | G47: (66)99214-1717 | H47: Alto Garças (MT) | I47: Gestão municipal | J47: SECRETÁRIA MUNICIPAL DE EDUCAÇÃO | M47: Declaro que revisei e confirmo a veracidade de todas as informações prestadas neste formulário.
A48: 46126.421 | B48: patysousaguerreiro@hotmail.com | C48: PATRICIA DE SOUSA GUERREIRO | D48: patysousaguerreiro@hotmail.com | E48: 928.754.321-68 | F48: 28668 | G48: (62)98603-4910 | H48: São Simão (GO) | I48: Gestão municipal | J48: Coordenação do Transporte Escolar | K48: A gestão do transporte escolar em nosso município tem apresentado avanços significativos por meio da organização das rotas, acompanhamento diário dos serviços e melhoria na comunicação com motoristas, monitores e responsáveis pelos alunos. Como caso de sucesso, destaca-se a implementação do sistema SETE - Sistema Eletrônico de Gestão do Transporte Escolar, que permitiu maior controle e transparência na execução dos serviços. Com a utilização da ferramenta, foi possível manter o cadastro atualizado dos alunos. | M48: Declaro que revisei e confirmo a veracidade de todas as informações prestadas neste formulário.
A49: 46126.439 | B49: contatonmarcario@gmail.com | C49: Nataniel Marcario Fernandes | D49: contatonmarcario@gmail.com | E49: 057.458.231-27 | F49: 34373 | G49: (64)99282-9618 | H49: Santa Helena de Goiás (GO) | I49: Gestão municipal | J49: Analista de Transporte Escolar | M49: Declaro que revisei e confirmo a veracidade de todas as informações prestadas neste formulário.
A50: 46126.69 | B50: luizcfn@hotmail.com | C50: Luiz Henrique de Barros | D50: luizcfn@hotmail.com | E50: 305.957.328-01 | F50: 30198 | G50: (64)99211-5833 | H50: Itarumã (GO) | I50: CACS-FUNDEB | L50: Presidente | M50: Declaro que revisei e confirmo a veracidade de todas as informações prestadas neste formulário.
A51: 46126.692 | B51: edileneburatto@itaruma.go.gov.br | C51: Edilene Buratto Leme | D51: edileneburatto@itaruma.go.gov.br | E51: 098.312.648-86 | F51: 24562 | G51: (64)98102-6792 | H51: Itarumã (GO) | I51: Gestão municipal | J51: Secretária Municipal de Educação | M51: Declaro que revisei e confirmo a veracidade de todas as informações prestadas neste formulário.
A52: 46126.708 | B52: paulo_sergio.brasil@hotmail.com | C52: PAULO SÉRGIO BRASIL | D52: paulo_sergio.brasil@hotmail.com | E52: 861.116.989-15 | F52: 27221 | G52: (64)99924-8149 | H52: Chapadão do Céu (GO) | I52: Gestão municipal | J52: Diretor do Transporte Escolar | M52: Declaro que revisei e confirmo a veracidade de todas as informações prestadas neste formulário.
A53: 46126.721 | B53: maicon.chakal@hotmail.com | C53: Maicon de Souza | D53: maicon.chakal@hotmail.com | E53: 010.830.360-84 | F53: 31000 | G53: (64)99676-3941 | H53: Chapadão do Céu (GO) | I53: Gestão municipal | J53: Assessor 1 | M53: Declaro que revisei e confirmo a veracidade de todas as informações prestadas neste formulário.
A54: 46126.799 | B54: matheusmellopf@gmail.com | C54: Matheus Mello | D54: matheusmellopf@gmail.com | E54: 067.414.661-18 | F54: 36325 | G54: (64)99322-6749 | H54: Santo Antônio da Barra (GO) | I54: Gestão municipal | J54: Diretor do transporte escolar | M54: Declaro que revisei e confirmo a veracidade de todas as informações prestadas neste formulário.
A55: 46126.939 | B55: poratofranca@gmail.com | C55: Thierry França Porato | D55: poratofranca@gmail.com | E55: 026.709.111-70 | F55: 32683 | G55: (67)98406-6019 | H55: Alcinópolis (MS) | I55: Gestão municipal | J55: Secretário | M55: Declaro que revisei e confirmo a veracidade de todas as informações prestadas neste formulário.
A56: 46127.411 | B56: simonevelda05@gmail.com | C56: Simone Velda Gonçalves | D56: simonevelda05@gmail.com | E56: 778.055.001-00 | F56: 27611 | G56: (64)98139-9051 | H56: Amorinópolis (GO) | I56: Gestão municipal | J56: Secretaria das escolas municipais | M56: Declaro que revisei e confirmo a veracidade de todas as informações prestadas neste formulário.
A57: 46127.413 | B57: analucianasser21@gmail.com | C57: Ana Lucia Pereira Macedo de Oliveira | D57: analucianasser21@gmail.com | E57: 884.849.711-04 | F57: 29456 | G57: (64)98405-5668 | H57: Amorinópolis (GO) | I57: CACS-FUNDEB | L57: representante no CACS FUNDEB | M57: Declaro que revisei e confirmo a veracidade de todas as informações prestadas neste formulário.
A58: 46127.417 | B58: liliaeeliomar@gmail.com | C58: Lilia Martins dos Anjos Goulart | D58: liliaeeliomar@gmail.com | E58: 908.818.771-15 | F58: 27969 | G58: (64)98432-9430 | H58: Amorinópolis (GO) | I58: Gestão municipal | J58: coordenadora do transporte escolar | M58: Declaro que revisei e confirmo a veracidade de todas as informações prestadas neste formulário.
A59: 46127.419 | B59: DANILOLEALTHEO@GMAIL.COM | C59: ANA CRISTINA RODRIGUES VIEIRA | D59: DANILOLEALTHEO@GMAIL.COM | E59: 038.224.521-06 | F59: 31772 | G59: (64)99952-6229 | H59: Ribeirãozinho (MT) | I59: Gestão municipal | J59: COORDENADORA TRANSCOLAR E TECNICA TRANSCOLAR | M59: Declaro que revisei e confirmo a veracidade de todas as informações prestadas neste formulário.
A60: 46127.424 | B60: veramaro.pl@gmail.com | C60: Vera Lúcia Gonçalves de Amaro | D60: veramaro.pl@gmail.com | E60: 215.765.991-91 | F60: 22269 | G60: (62)99178-2063 | H60: Palestina de Goiás (GO) | I60: Gestão municipal | J60: Secretária Municipal de Educação | K60: A regularidade ao atendimento diário aos alunos da zona rural. | M60: Declaro que revisei e confirmo a veracidade de todas as informações prestadas neste formulário.
A61: 46127.425 | B61: claudionoruniao@hotmail.com | C61: CLAUDIONOR ARANTE FIGUEIREDO | D61: claudionoruniao@hotmail.com | E61: 781.534.411-91 | F61: 27958 | G61: (66)99962-1112 | H61: Ribeirãozinho (MT) | I61: Gestão municipal | J61: MOTORISTA | M61: Declaro que revisei e confirmo a veracidade de todas as informações prestadas neste formulário.
A62: 46127.427 | B62: anapfsrvenancio@gmail.com | C62: Ana Paula Ferreira da Silva Rodrigues | D62: anapfsrvenancio@gmail.com | E62: 712.853.541-17 | F62: 38144 | G62: (64)98420-1516 | H62: Rio Verde (GO) | I62: Gestão municipal | J62: Agente de Assessoramento Administrativo | M62: Declaro que revisei e confirmo a veracidade de todas as informações prestadas neste formulário.
A63: 46127.45 | B63: thediegomartins@gmail.com | C63: DIEGO MARTINS OLIVEIRA FERREIRA | D63: thediegomartins@hotmail.com | E63: 047.528.681-21 | F63: 34204 | G63: (64)99316-7741 | H63: Rio Verde (GO) | I63: Gestão municipal | J63: Diretor de Transporte Escolar | M63: Declaro que revisei e confirmo a veracidade de todas as informações prestadas neste formulário.
A64: 46127.47 | B64: morais_125@hotmail.com | C64: RONAN MORAIS DA SILVA | D64: morais_125@hotmail.com | E64: 307.952.491-87 | F64: 23774 | G64: (64)99623-3400 | H64: Chapadão do Céu (GO) | I64: CACS-FUNDEB | L64: Conselheiro | M64: Declaro que revisei e confirmo a veracidade de todas as informações prestadas neste formulário.
A65: 46127.903 | B65: fabiola1cardoso@yahoo.com.br | C65: Fabíola dos Santos Cardoso | D65: fabiola1cardoso@yahoo.com.br | E65: 898.195.191-87 | F65: 29854 | G65: (64)99255-7083 | H65: Palestina de Goiás (GO) | I65: CACS-FUNDEB | L65: Representante da Sociedade Civil | M65: Declaro que revisei e confirmo a veracidade de todas as informações prestadas neste formulário.
A66: 46128.645 | B66: danielandrade2699@gmail.com | C66: Daniel Dos Santos Andrade | D66: danielandrade2699@gmail.com | E66: 705.675.331-07 | F66: 36245 | G66: (62)98468-6197 | H66: São Miguel do Araguaia (GO) | I66: Gestão municipal | J66: Técnico de informática | M66: Declaro que revisei e confirmo a veracidade de todas as informações prestadas neste formulário.
A67: 46129.627 | B67: enivaldo.alves@saomigueldoaraguaia.go.gov.br | C67: Enivaldo Alves da Silva | D67: enivaldo.alves@saomigueldoaraguaia.go.gov.br | E67: 547.129.201-49 | F67: 26156 | G67: (62)99613-9086 | H67: São Miguel do Araguaia (GO) | I67: CACS-FUNDEB | L67: Presidente | M67: Declaro que revisei e confirmo a veracidade de todas as informações prestadas neste formulário.
A68: 46129.629 | B68: zilmarpereira660@gmail.com | C68: Zilmar Pereira de Oliveira | D68: zilmarpereira660@gmail.com | E68: 845.274.551-68 | F68: 27901 | G68: (62)99683-2085 | H68: São Miguel do Araguaia (GO) | I68: Gestão municipal | J68: Gestor de transporte escolar | M68: Declaro que revisei e confirmo a veracidade de todas as informações prestadas neste formulário.
A69: 46129.675 | B69: lucianaaguiar06@gmail.com | C69: LUCIANA AGUIAR | D69: lucianaaguiar06@gmail.com | E69: 623.635.571-15 | F69: 27204 | G69: (64)99222-1972 | H69: Santa Helena de Goiás (GO) | I69: Gestão municipal | J69: Assessora da SEMEC | M69: Declaro que revisei e confirmo a veracidade de todas as informações prestadas neste formulário.
A70: 46134.366 | B70: sandrarodriguesvenancio2013@gmail.com | C70: Sandra Rodrigues Venancio | D70: sandrarodriguesvenancio2013@gmail.com | E70: 980.610.201-06 | F70: 28437 | G70: (64)99213-8328 | H70: Maurilândia (GO) | I70: Gestão municipal | J70: Coordenadora de Prestação de contas | M70: Declaro que revisei e confirmo a veracidade de todas as informações prestadas neste formulário.
A71: 46134.449 | B71: marcosuchiha51@gmail.com | C71: Simão Marcos Magalhães Tavares | D71: marcosuchiha51@gmail.com | E71: 038.970.461-05 | F71: 32580 | G71: (62)99105-2432 | H71: Turvelândia (GO) | I71: Gestão municipal | J71: Executor Administrativo | K71: No município de Turvelândia, a gestão do transporte escolar tem buscado aprimorar continuamente a organização das rotas e o atendimento aos alunos, garantindo maior eficiência e segurança. Como destaque, houve a reorganização das rotas com base na realidade dos estudantes, otimizando o tempo de deslocamento e reduzindo custos operacionais. Além disso, são realizadas verificações periódicas nos veículos e acompanhamento dos motoristas, visando assegurar a qualidade do serviço prestado. Essas ações têm contribuído para maior pontualidade, redução de problemas operacionais e melhoria no acesso dos alunos à escola. | M71: Declaro que revisei e confirmo a veracidade de todas as informações prestadas neste formulário.
A72: 46134.451 | B72: tatiane_mdl@outlook.com | C72: Tatiane Martins Dutra Lima | D72: tatiane_mdl@outlook.com | E72: 898.578.601-68 | F72: 30028 | G72: (64)98138-1180 | H72: Diorama (GO) | I72: Gestão municipal | J72: Dirigente | M72: Declaro que revisei e confirmo a veracidade de todas as informações prestadas neste formulário.
A73: 46134.452 | B73: marcosuchiha51@gmail.com | C73: Simão Marcos Magalhães Tavares | D73: marcosuchiha51@gmail.com | E73: 038.970.461-05 | F73: 32580 | G73: (62)99105-2432 | H73: Turvelândia (GO) | I73: Gestão municipal | J73: Executor Administrativo | K73: No município de Turvelândia, a gestão do transporte escolar tem buscado aprimorar continuamente a organização das rotas e o atendimento aos alunos, garantindo maior eficiência e segurança. Como destaque, houve a reorganização das rotas com base na realidade dos estudantes, otimizando o tempo de deslocamento e reduzindo custos operacionais. Além disso, são realizadas verificações periódicas nos veículos e acompanhamento dos motoristas, visando assegurar a qualidade do serviço prestado. Essas ações têm contribuído para maior pontualidade, redução de problemas operacionais e melhoria no acesso dos alunos à escola. | M73: Declaro que revisei e confirmo a veracidade de todas as informações prestadas neste formulário.
A74: 46134.455 | B74: cf7719941@gmail.com | C74: Carlos Fernando Araujo Souza | D74: cf7719941@gmail.com | E74: 439.909.166-53 | F74: 22907 | G74: (64)99260-5507 | H74: Turvelândia (GO) | I74: Gestão municipal | J74: Diretor de Transporte | K74: No município de Turvelândia, a gestão do transporte escolar tem buscado aprimorar continuamente a organização das rotas e o atendimento aos alunos, garantindo maior eficiência e segurança. Como destaque, houve a reorganização das rotas com base na realidade dos estudantes, otimizando o tempo de deslocamento e reduzindo custos operacionais. Além disso, são realizadas verificações periódicas nos veículos e acompanhamento dos motoristas, visando assegurar a qualidade do serviço prestado. Essas ações têm contribuído para maior pontualidade, redução de problemas operacionais e melhoria no acesso dos alunos à escola. | M74: Declaro que revisei e confirmo a veracidade de todas as informações prestadas neste formulário.
A75: 46134.457 | B75: cf7719941@gmail.com | C75: CARLOS FERNANDO ARAUJO SOUZA | D75: cf7719941@gmail.com | E75: 439.909.166-53 | F75: 22907 | G75: (64)99260-5507 | H75: Turvelândia (GO) | I75: Gestão municipal | J75: Diretor de Transporte | K75: No município de Turvelândia, a gestão do transporte escolar tem buscado aprimorar continuamente a organização das rotas e o atendimento aos alunos, garantindo maior eficiência e segurança. Como destaque, houve a reorganização das rotas com base na realidade dos estudantes, otimizando o tempo de deslocamento e reduzindo custos operacionais. Além disso, são realizadas verificações periódicas nos veículos e acompanhamento dos motoristas, visando assegurar a qualidade do serviço prestado. Essas ações têm contribuído para maior pontualidade, redução de problemas operacionais e melhoria no acesso dos alunos à escola. | M75: Declaro que revisei e confirmo a veracidade de todas as informações prestadas neste formulário.
A76: 46134.522 | B76: valgde2009@gmail.com | C76: VALDIRENE CLAUDIA DA SILVA OLIVEIRA | D76: valgde2009@gmail.com | E76: 801.552.551-49 | F76: 26722 | G76: (64)98171-2329 | H76: São Simão (GO) | I76: Gestão municipal | J76: SECRETÁRIA DA EDUCAÇÃO | M76: Declaro que revisei e confirmo a veracidade de todas as informações prestadas neste formulário.
A77: 46134.522 | B77: ricardo49aline43@gmail.com | C77: Ricardo Ramire Gonçalves | D77: ricardo49aline43@gmail.com | E77: 253.726.638-20 | F77: 27611 | G77: (64)99610-0273 | H77: Itajá (GO) | I77: CACS-FUNDEB | L77: Representante dos Professores | M77: Declaro que revisei e confirmo a veracidade de todas as informações prestadas neste formulário.
A78: 46134.645 | B78: thaissa012@gmail.com | C78: Thaissa Oliveira Pereira | D78: thaissa012@gmail.com | E78: 005.670.581-66 | F78: 34466 | G78: (64)99205-5234 | H78: Castelândia (GO) | I78: Gestão municipal | J78: Auxiliar administrativo (Prestação de conta) | M78: Declaro que revisei e confirmo a veracidade de todas as informações prestadas neste formulário.
A79: 46134.646 | B79: educacao@castelandia.go.gov.br | C79: Maria Solange De Moura Leite Juvencio | D79: educacao@castelandia.go.gov.br | E79: 395.189.906-97 | F79: 21003 | G79: (64)99259-5961 | H79: Castelândia (GO) | I79: Gestão municipal | J79: Secretária de Educação | M79: Declaro que revisei e confirmo a veracidade de todas as informações prestadas neste formulário.
A80: 46134.673 | B80: gomesrosaherica@gmail.com | C80: Rosa Hérica Rodrigues Gomes | D80: gomesrosaherica@gmail.com | E80: 950.481.201-59 | F80: 28818 | G80: (64)99253-8339 | H80: Castelândia (GO) | I80: CACS-FUNDEB | L80: Conselheira | M80: Declaro que revisei e confirmo a veracidade de todas as informações prestadas neste formulário.
A81: 46135.345 | B81: seduc.coordtranspescolar@mineiros.go.gov.br | C81: Jairo Antônio Ribeiro Júnior | D81: seduc.coordtranspescolar@mineiros.go.gov.br | E81: 024.415.541-07 | F81: 32078 | G81: (64)99228-3848 | H81: Mineiros (GO) | I81: Gestão municipal | J81: Diretor de Transporte | M81: Declaro que revisei e confirmo a veracidade de todas as informações prestadas neste formulário.
A82: 46135.39 | B82: julianouniver1251@hotmail.com | C82: Juliano Aparecido Pereira de Lima | D82: julianouniver1251@hotmail.com | E82: 035.637.031-32 | F82: 31655 | G82: (64)99929-0695 | H82: Itajá (GO) | I82: Gestão municipal | J82: Chefe do Transporte Escolar | M82: Declaro que revisei e confirmo a veracidade de todas as informações prestadas neste formulário.
A83: 46135.448 | B83: transportes@selviria.ms.gov.br | C83: GEVANILDO LUIS DE ALMEIDA | D83: transportes@selviria.ms.gov.br | E83: 009.210.101-17 | F83: 30880 | G83: (67)99349-6915 | H83: Selvíria (MS) | I83: Gestão municipal | J83: Secretario Municipal de Transporte | K83: Criamos um metido de controle de km eficaz. | M83: Declaro que revisei e confirmo a veracidade de todas as informações prestadas neste formulário.
A84: 46135.693 | B84: transportes@selviria.ms.gov.br | C84: Carlos Roberto da Silva | D84: transportes@selviria.ms.gov.br | E84: 502.179.921-53 | F84: 26206 | G84: (67)98187-0627 | H84: Selvíria (MS) | I84: Gestão municipal | J84: Subsecretrio-adjunto Municipal de transporte | K84: oficina municipal | M84: Declaro que revisei e confirmo a veracidade de todas as informações prestadas neste formulário.
A85: 46136.357 | B85: seduc.coordtranspescolar@mineiros.go.gov.br | C85: LYNIKER NUNES MARTINS | D85: seduc.coordtranspescolar@mineiros.go.gov.br | E85: 022.869.991-63 | F85: 33492 | G85: (64)99278-5061 | H85: Mineiros (GO) | I85: Gestão municipal | J85: MOTORISTA | M85: Declaro que revisei e confirmo a veracidade de todas as informações prestadas neste formulário.
A86: 46136.375 | B86: viniciusbarreti97@gmail.com | C86: Vinícius Silva Barreti | D86: viniciusbarreti97@gmail.com | E86: 461.399.568-03 | F86: 35675 | G86: (18)98120-5553 | H86: Selvíria (MS) | I86: Gestão municipal | J86: Fiscal | M86: Declaro que revisei e confirmo a veracidade de todas as informações prestadas neste formulário.
A87: 46136.55 | B87: fernandesdesouzajoaoguilherme@gmail.com | C87: João Guilherme Fernandes de Souza | D87: fernandesdesouzajoaoguilherme@gmail.com | E87: 063.467.131-67 | F87: 39143 | G87: (67)98434-4615 | H87: Paranaíba (MS) | I87: Gestão municipal | J87: Chefe de Divisão de Convênios | M87: Declaro que revisei e confirmo a veracidade de todas as informações prestadas neste formulário.
A88: 46136.554 | B88: glauciadasilvaclaro48870@gmail.com | C88: Glaucia da Silva Claro | D88: glauciadasilvaclaro48870@gmail.com | E88: 032.805.461-50 | F88: 32623 | G88: (67)98128-3780 | H88: Paranaíba (MS) | I88: CACS-FUNDEB | L88: Presidente | M88: Declaro que revisei e confirmo a veracidade de todas as informações prestadas neste formulário.
A89: 46136.56 | B89: transporte.semedpba@gmail.com | C89: Eder Vinicius de Paula Rezende | D89: transporte.semedpba@gmail.com | E89: 003.778.771-31 | F89: 30617 | G89: (67)98150-8000 | H89: Paranaíba (MS) | I89: Gestão municipal | J89: Supervisor transporte escolar | M89: Declaro que revisei e confirmo a veracidade de todas as informações prestadas neste formulário.
A90: 46136.573 | B90: aurobernardinodepaula@gmail.com | C90: AURO BERNARDINO DE PAULA JUNIOR | D90: aurobernardinodepaula@gmail.com | E90: 068.834.161-61 | F90: 35260 | G90: (67)99992-0544 | H90: Paranaíba (MS) | I90: Gestão municipal | J90: Agente administrativo | M90: Declaro que revisei e confirmo a veracidade de todas as informações prestadas neste formulário.
A91: 46136.574 | B91: spfranca1@hotmail.com | C91: Sebastião Pereira França | D91: spfranca1@hotmail.com | E91: 213.586.301-78 | F91: 22478 | G91: (64)99644-4983 | H91: Jataí (GO) | I91: Gestão municipal | J91: Auxiliar do departamento de transporte | M91: Declaro que revisei e confirmo a veracidade de todas as informações prestadas neste formulário.
A92: 46136.634 | B92: elis.scabral04@gmail.com | C92: Elisangela Santana Cabral | D92: elis.scabral04@gmail.com | E92: 010.908.131-55 | F92: 31750 | G92: (63)99241-0537 | H92: Jataí (GO) | I92: Gestão municipal | J92: Gerente do Transporte Escolar | M92: Declaro que revisei e confirmo a veracidade de todas as informações prestadas neste formulário.
A93: 46136.657 | B93: rodrigofcar@hotmail.com | C93: Rodrigo Franco de Carvalho | D93: rodrigofcar@hotmail.com | E93: 412.635.701-78 | F93: 25539 | G93: (64)99626-4267 | H93: Jataí (GO) | I93: CACS-FUNDEB | L93: Presidente do FUNDEB | M93: Declaro que revisei e confirmo a veracidade de todas as informações prestadas neste formulário.
A94: 46136.692 | B94: jeffersonpascoaloto@gmail.com | C94: Jefferson Douglas Pascoaloto | D94: jeffersonpascoaloto@gmail.com | E94: 511.497.531-53 | F94: 26178 | G94: (67)99992-1112 | H94: Paranaíba (MS) | I94: Gestão municipal | J94: Dir.Dep.Planej.Orç.eCompras/Educação | K94: Repasse de veículos do programa caminho da escola | M94: Declaro que revisei e confirmo a veracidade de todas as informações prestadas neste formulário.
A95: 46137.64 | B95: sabrina17nunes@gmail.com | C95: SABRINA NUNES MOREIRA | D95: sabrina17nunes@gmail.com | E95: 053.853.781-78 | F95: 35284 | G95: (64)98153-6833 | H95: Diorama (GO) | I95: Gestão municipal | J95: Assessora | M95: Declaro que revisei e confirmo a veracidade de todas as informações prestadas neste formulário.
A96: 46139.411 | B96: roger.2128@hotmail.com | C96: Rogerio Pereira da Silva | D96: roger.2128@hotmail.com | E96: 815.001.301-68 | F96: 28624 | G96: (64)99324-9010 | H96: Gouvelândia (GO) | I96: Gestão municipal | J96: Técnico - Professor | M96: Declaro que revisei e confirmo a veracidade de todas as informações prestadas neste formulário.
A97: 46139.435 | B97: elissandrarsm78@gmail.com | C97: Elissandra Rodrigues da Silva | D97: elissandrarsm78@gmail.com | E97: 862.933.541-68 | F97: 28642 | G97: (64)98421-5787 | H97: Amorinópolis (GO) | I97: Gestão municipal | J97: secretaria escolar | M97: Declaro que revisei e confirmo a veracidade de todas as informações prestadas neste formulário.
A98: 46139.437 | B98: messiasselmahelena@gmail.com | C98: Selma Helena Messias Silva | D98: messiasselmahelena@gmail.com | E98: 591.051.271-49 | F98: 25875 | G98: (64)98431-3368 | H98: Amorinópolis (GO) | I98: Gestão municipal | J98: secretaria de escola | M98: Declaro que revisei e confirmo a veracidade de todas as informações prestadas neste formulário.
A99: 46139.437 | B99: maryelenunes@gmail.com | C99: Maryele Nunes Menezes | D99: maryelenunes@gmail.com | E99: 033.475.211-61 | F99: 34499 | G99: (64)98448-2648 | H99: Quirinópolis (GO) | I99: Gestão municipal | J99: Gerente de Apoio adm transporte escolar | M99: Declaro que revisei e confirmo a veracidade de todas as informações prestadas neste formulário.
A100: 46139.56 | B100: kristiano639@gmail.com | C100: Kristiano Freire Sobrinho | D100: kristiano639@gmail.com | E100: 639.143.011-04 | F100: 27181 | G100: (64)99986-6359 | H100: Lagoa Santa (GO) | I100: Gestão municipal | J100: Coordenação | M100: Declaro que revisei e confirmo a veracidade de todas as informações prestadas neste formulário.
...

Sheet Inscritos
A1: Município | B1: Inscritos | C1: CACS-FUNDEB | D1: Gestão municipal | E1: Data
A2: Alcinópolis (MS) | B2: =COUNTIF('Respostas ao formulário 1'!$H$2:$H$207,A2) -> 1 | C2: =COUNTIFS('Respostas ao formulário 1'!$H$2:$H$182,$A2,'Respostas ao formulário 1'!$I$2:$I$182,C$1) -> 0 | D2: =COUNTIFS('Respostas ao formulário 1'!$H$2:$H$182,$A2,'Respostas ao formulário 1'!$I$2:$I$182,D$1) -> 1 | E2: =VLOOKUP(A2,Datas!A:B,2,FALSE) -> 46142
A3: Alto Araguaia (MT) | B3: =COUNTIF('Respostas ao formulário 1'!$H$2:$H$207,A3) -> 2 | C3: =COUNTIFS('Respostas ao formulário 1'!$H$2:$H$182,$A3,'Respostas ao formulário 1'!$I$2:$I$182,C$1) -> 0 | D3: =COUNTIFS('Respostas ao formulário 1'!$H$2:$H$182,$A3,'Respostas ao formulário 1'!$I$2:$I$182,D$1) -> 2 | E3: =VLOOKUP(A3,Datas!A:B,2,FALSE) -> 46142
A4: Alto Garças (MT) | B4: =COUNTIF('Respostas ao formulário 1'!$H$2:$H$207,A4) -> 2 | C4: =COUNTIFS('Respostas ao formulário 1'!$H$2:$H$182,$A4,'Respostas ao formulário 1'!$I$2:$I$182,C$1) -> 0 | D4: =COUNTIFS('Respostas ao formulário 1'!$H$2:$H$182,$A4,'Respostas ao formulário 1'!$I$2:$I$182,D$1) -> 2 | E4: =VLOOKUP(A4,Datas!A:B,2,FALSE) -> 46142
A5: Alto Taquari (MT) | B5: =COUNTIF('Respostas ao formulário 1'!$H$2:$H$207,A5) -> 1 | C5: =COUNTIFS('Respostas ao formulário 1'!$H$2:$H$182,$A5,'Respostas ao formulário 1'!$I$2:$I$182,C$1) -> 0 | D5: =COUNTIFS('Respostas ao formulário 1'!$H$2:$H$182,$A5,'Respostas ao formulário 1'!$I$2:$I$182,D$1) -> 1 | E5: =VLOOKUP(A5,Datas!A:B,2,FALSE) -> 46142
A6: Amorinópolis (GO) | B6: =COUNTIF('Respostas ao formulário 1'!$H$2:$H$207,A6) -> 6 | C6: =COUNTIFS('Respostas ao formulário 1'!$H$2:$H$182,$A6,'Respostas ao formulário 1'!$I$2:$I$182,C$1) -> 1 | D6: =COUNTIFS('Respostas ao formulário 1'!$H$2:$H$182,$A6,'Respostas ao formulário 1'!$I$2:$I$182,D$1) -> 5 | E6: =VLOOKUP(A6,Datas!A:B,2,FALSE) -> 46142
A7: Aparecida do Rio Doce (GO) | B7: =COUNTIF('Respostas ao formulário 1'!$H$2:$H$207,A7) -> 1 | C7: =COUNTIFS('Respostas ao formulário 1'!$H$2:$H$182,$A7,'Respostas ao formulário 1'!$I$2:$I$182,C$1) -> 0 | D7: =COUNTIFS('Respostas ao formulário 1'!$H$2:$H$182,$A7,'Respostas ao formulário 1'!$I$2:$I$182,D$1) -> 1 | E7: =VLOOKUP(A7,Datas!A:B,2,FALSE) -> 46142
A8: Aparecida do Taboado (MS) | B8: =COUNTIF('Respostas ao formulário 1'!$H$2:$H$207,A8) -> 0 | C8: =COUNTIFS('Respostas ao formulário 1'!$H$2:$H$182,$A8,'Respostas ao formulário 1'!$I$2:$I$182,C$1) -> 0 | D8: =COUNTIFS('Respostas ao formulário 1'!$H$2:$H$182,$A8,'Respostas ao formulário 1'!$I$2:$I$182,D$1) -> 0 | E8: =VLOOKUP(A8,Datas!A:B,2,FALSE) -> 46142
A9: Aporé (GO) | B9: =COUNTIF('Respostas ao formulário 1'!$H$2:$H$207,A9) -> 2 | C9: =COUNTIFS('Respostas ao formulário 1'!$H$2:$H$182,$A9,'Respostas ao formulário 1'!$I$2:$I$182,C$1) -> 0 | D9: =COUNTIFS('Respostas ao formulário 1'!$H$2:$H$182,$A9,'Respostas ao formulário 1'!$I$2:$I$182,D$1) -> 2 | E9: =VLOOKUP(A9,Datas!A:B,2,FALSE) -> 46142
A10: Araguainha (MT) | B10: =COUNTIF('Respostas ao formulário 1'!$H$2:$H$207,A10) -> 1 | C10: =COUNTIFS('Respostas ao formulário 1'!$H$2:$H$182,$A10,'Respostas ao formulário 1'!$I$2:$I$182,C$1) -> 1 | D10: =COUNTIFS('Respostas ao formulário 1'!$H$2:$H$182,$A10,'Respostas ao formulário 1'!$I$2:$I$182,D$1) -> 0 | E10: =VLOOKUP(A10,Datas!A:B,2,FALSE) -> 46142
A11: Arenópolis (GO) | B11: =COUNTIF('Respostas ao formulário 1'!$H$2:$H$207,A11) -> 0 | C11: =COUNTIFS('Respostas ao formulário 1'!$H$2:$H$182,$A11,'Respostas ao formulário 1'!$I$2:$I$182,C$1) -> 0 | D11: =COUNTIFS('Respostas ao formulário 1'!$H$2:$H$182,$A11,'Respostas ao formulário 1'!$I$2:$I$182,D$1) -> 0 | E11: =VLOOKUP(A11,Datas!A:B,2,FALSE) -> 46142
A12: Bom Jesus de Goiás (GO) | B12: =COUNTIF('Respostas ao formulário 1'!$H$2:$H$207,A12) -> 3 | C12: =COUNTIFS('Respostas ao formulário 1'!$H$2:$H$182,$A12,'Respostas ao formulário 1'!$I$2:$I$182,C$1) -> 1 | D12: =COUNTIFS('Respostas ao formulário 1'!$H$2:$H$182,$A12,'Respostas ao formulário 1'!$I$2:$I$182,D$1) -> 2 | E12: =VLOOKUP(A12,Datas!A:B,2,FALSE) -> #N/A
A13: Cachoeira Alta (GO) | B13: =COUNTIF('Respostas ao formulário 1'!$H$2:$H$207,A13) -> 5 | C13: =COUNTIFS('Respostas ao formulário 1'!$H$2:$H$182,$A13,'Respostas ao formulário 1'!$I$2:$I$182,C$1) -> 3 | D13: =COUNTIFS('Respostas ao formulário 1'!$H$2:$H$182,$A13,'Respostas ao formulário 1'!$I$2:$I$182,D$1) -> 2 | E13: =VLOOKUP(A13,Datas!A:B,2,FALSE) -> 46142
... A57: SÃO JOSÉ DO XINGU | B57: =COUNTIF('Respostas ao formulário 1'!$H$2:$H$207,A57) -> 0 | C57: =COUNTIFS('Respostas ao formulário 1'!$H$2:$H$182,$A57,'Respostas ao formulário 1'!$I$2:$I$182,C$1) -> 0 | D57: =COUNTIFS('Respostas ao formulário 1'!$H$2:$H$182,$A57,'Respostas ao formulário 1'!$I$2:$I$182,D$1) -> 0 | E57: =VLOOKUP(A57,Datas!A:B,2,FALSE) -> #N/A
A58: Total | B58: =SUM(B2:B57) -> 109 | C58: =SUM(C5:C57) -> 21 | D58: =SUM(D2:D57) -> 88 | F58: =SUM(C28:C52) -> 10 | G58: =SUM(D28:D52) -> 50 | H58: =SUM(C2:C11,C13:C27) -> 10 | I58: =SUM(D2:D11,D13:D27) -> 36 | J58: =SUM(C12,C53:C57) -> 1 | K58: =SUM(D12,D53:D57) -> 2
A59: Munípios Inscritos | C59: =COUNTIF(C2:C57,">0") -> 17 | D59: =COUNTIF(D2:D57,">0") -> 40
B60: Inscritos | C60: CACS-FUNDEB | D60: Gestão municipal | F60: CACs - Data 29/04/2026 | G60: Gestores - Data 29/04/2026 | H60: CACs - Data 30/04/2026 | I60: Gestores - Data 30/04/2026 | J60: CACs - Sem data | K60: Gestores -Sem data

Sheet Datas
A1: Munícipip | B1: Data
A2: Jataí (GO) | B2: 46141
A3: Lagoa Santa (GO) | B3: 46141
A4: Maurilândia (GO) | B4: 46141
A5: Mineiros (GO) | B5: 46141
A6: Montividiu (GO) | B6: 46141
A7: Palestina de Goiás (GO) | B7: 46141
A8: Paraíso das Águas (MS) | B8: 46141
A9: Paranaíba (MS) | B9: 46141
A10: Paranaiguara (GO) | B10: 46141
A11: Perolândia (GO) | B11: 46141
A12: Piranhas (GO) | B12: 46141
A13: Ponte Branca (MT) | B13: 46141
... A51: Itarumã (GO) | B51: 46142
