Workbook

Sheet Respostas ao formulário 1
A1: Carimbo de data/hora | B1: Endereço de e-mail | C1: Nome Completo: | D1: CPF | E1: Data de Nascimento | F1: Telefone (XX)XXXXX-XXXX | G1: Município que representa: | H1: Você faz parte do: | I1: Que cargo você ocupa na gestão municipal? | J1: Prezado(a) Gestor(a), Se existe algum caso de sucesso da gestão do transporte escolar no seu município, gostaríamos conhecer mais um pouco ao respeito. Por favor, relate de forma sucinta o caso de sucesso no espaço a seguir: | K1: Que cargo você ocupa no CACS-FUNDEB? | L1: Dia
A2: 45737.473 | B2: carmemkaio@hotmail.com | C2: Carmem Lúcia Lopes da Silva | D2: 929.329.591-15 | E2: 29703 | F2: (67)99694-5535 | G2: Amambai | H2: Gestão municipal | I2: Técnica de convênios e prestação de contas/membros do Cacs-Fundeb também | J2: Garantia de transporte a todos | L2: =VLOOKUP(G2,Datas!$A$1:$B$50,2,FALSE) -> 45749
A3: 45741.438 | B3: edinaldo_s_silva@hotmail.com | C3: Edinaldo Silva | D3: 830.554.871-68 | E3: 28265 | F3: (67)99649-7035 | G3: Amambai | H3: CACS-FUNDEB | K3: presidente | L3: =VLOOKUP(G3,Datas!$A$1:$B$50,2,FALSE) -> 45749
A4: 45737.543 | B4: profosmar@hotmail.com | C4: Osmar Aparecido Delvecchio | D4: 319.591.219-87 | E4: 21421 | F4: (67)99852-3057 | G4: Amambai | H4: CACS-FUNDEB | K4: Conselheiro | L4: =VLOOKUP(G4,Datas!$A$1:$B$50,2,FALSE) -> 45749
A5: 45748.479 | B5: tania_ruivo@hotmail.com | C5: Tania Aparecida Ruivo da Luz | D5: 017.339.721-29 | E5: 31923 | F5: (67)99253-6974 | G5: Amambai | H5: Gestão municipal | I5: Secretária de Educação | J5: Não temos ni momento | L5: =VLOOKUP(G5,Datas!$A$1:$B$50,2,FALSE) -> 45749
A6: 45747.688 | B6: valdemarantonio5@hotmail.com | C6: Valdemar Antônio de Oliveira | D6: 372.774.131-72 | E6: 24597 | F6: (67)99802-6446 | G6: Amambai | H6: Gestão municipal | I6: Gestor de Transporte Escolar | L6: =VLOOKUP(G6,Datas!$A$1:$B$50,2,FALSE) -> 45749
A7: 45747.408 | B7: transporte.escolar.amambai@hotmail.com | C7: Wender Luiz Farias Garai | D7: 971.277.281-00 | E7: 29614 | F7: (67)99108-5287 | G7: Amambai | H7: CACS-FUNDEB | K7: Coordenador de transporte escolar | L7: =VLOOKUP(G7,Datas!$A$1:$B$50,2,FALSE) -> 45749
A8: 45742.464 | B8: osmair_garcia@hotmail.com | C8: EDSON UMBELINO | D8: 554.765.201-63 | E8: 21306 | F8: (67)99835-3076 | G8: Anaurilândia | H8: Gestão municipal | I8: COORDENADOR TRANSPORTE ESCOLAR | L8: =VLOOKUP(G8,Datas!$A$1:$B$50,2,FALSE) -> 45749
A9: 45742.462 | B9: osmair_garcia@hotmail.com | C9: OSMAIR ALVES GARCIA | D9: 796.398.951-72 | E9: 28554 | F9: (67)99888-4290 | G9: Anaurilândia | H9: Gestão municipal | I9: ASSISTENTE ADMINISTRATIVO | J9: O MUNIC. CONSEGUIU TERCEIRIZAR BOA PARTE DAS LINHAS COM VEICULOS 2025! | L9: =VLOOKUP(G9,Datas!$A$1:$B$50,2,FALSE) -> 45749
A10: 45748.438 | B10: fv747993@gmail.com | C10: José Fernando Vieira da Silva | D10: 005.338.441-50 | E10: 30850 | F10: (67)99225-2689 | G10: Angélica | H10: Gestão municipal | I10: Chefe de Núcleo de Transporte Escolar | L10: =VLOOKUP(G10,Datas!$A$1:$B$50,2,FALSE) -> 45749
A11: 45748.447 | B11: ricardosm2002@hotmail.com | C11: RICARDO SOUZA MARCHINI | D11: 022.616.841-77 | E11: 37344 | F11: (67)99671-9885 | G11: Angélica | H11: Gestão municipal | I11: CONTADOR | L11: =VLOOKUP(G11,Datas!$A$1:$B$50,2,FALSE) -> 45749
A12: 45747.743 | B12: marcosantoniokol17@gmail.com | C12: Marcos Antônio Kol Rudes | D12: 088.101.191-69 | E12: 52961 | F12: (67)99991-3879 | G12: Aral Moreira | H12: Gestão municipal | I12: Assistente Administrativo | L12: =VLOOKUP(G12,Datas!$A$1:$B$50,2,FALSE) -> 45749
A13: 45748.455 | B13: martavlrigon@gmail.com | C13: Marta Vieira Leite Rigon | D13: 906.974.991-20 | E13: 29554 | F13: (67)99976-7300 | G13: Aral Moreira | H13: Gestão municipal | I13: Secretária municipal de educação | L13: =VLOOKUP(G13,Datas!$A$1:$B$50,2,FALSE) -> 45749
A14: 45743.859 | B14: alcenirlima2025semec@gmail.com | C14: Alcenir Rodrigues de Lima | D14: 365.252.431-49 | E14: 24785 | F14: (67)98192-0562 | G14: Bataguassu | H14: Gestão municipal | I14: Assessor Técnico e Pedagógico de Projetos e Convênios | L14: =VLOOKUP(G14,Datas!$A$1:$B$50,2,FALSE) -> 45749
A15: 45737.402 | B15: smec2018@outlook.com | C15: Adriana Ramos da Silva | D15: 015.884.291-05 | E15: 31964 | F15: (67)99626-6555 | G15: Batayporã | H15: Gestão municipal | I15: Técnica do Transporte Escolar | L15: =VLOOKUP(G15,Datas!$A$1:$B$50,2,FALSE) -> 45749
A16: 45737.567 | B16: leiasouzass@hotmail.com | C16: Leia Maria de Jesus Souza | D16: 797.993.701-59 | E16: 28159 | F16: (67)99912-5189 | G16: Batayporã | H16: Gestão municipal | I16: Prestação Contas | L16: =VLOOKUP(G16,Datas!$A$1:$B$50,2,FALSE) -> 45749
A17: 45737.415 | B17: cidamirandasilva@gmail.com | C17: Maria Aparecida Miranda da Silva | D17: 481.570.661-15 | E17: 1/15/0069 | F17: (67)99829-2334 | G17: Batayporã | H17: CACS-FUNDEB | K17: Vice presidente | L17: =VLOOKUP(G17,Datas!$A$1:$B$50,2,FALSE) -> 45749
A18: 45748.938 | B18: vanderleifreitas722@gmail.com | C18: Vanderlei de Freitas Santos | D18: 019.226.361-77 | E18: 32384 | F18: (67)99919-6945 | G18: Batayporã | H18: CACS-FUNDEB | K18: Presidente | L18: =VLOOKUP(G18,Datas!$A$1:$B$50,2,FALSE) -> 45749
A19: 45737.494 | B19: davi.v.lopes@hotmail.com | C19: Davi Vieira Lopes | D19: 840.823.481-15 | E19: 29349 | F19: (67)99925-9086 | G19: Caarapó | H19: CACS-FUNDEB | K19: Presidente | L19: =VLOOKUP(G19,Datas!$A$1:$B$50,2,FALSE) -> 45749
A20: 45743.547 | B20: bell-ifsm@hotmail.com | C20: Isabel Fernandes santos | D20: 876.656.541-34 | E20: 29773 | F20: (67)99627-0716 | G20: Caarapó | H20: Gestão municipal | I20: Prestação de contas | L20: =VLOOKUP(G20,Datas!$A$1:$B$50,2,FALSE) -> 45749
A21: 45736.619 | B21: josilaineneves01@gmail.com | C21: JOSILÂINE NEVES DA SILVA | D21: 032.679.841-22 | E21: 32569 | F21: (67)99101-5042 | G21: Caarapó | H21: Gestão municipal | I21: CHEFE DE DEPARTAMENTO DO TRANSPORTE ESCOLAR | L21: =VLOOKUP(G21,Datas!$A$1:$B$50,2,FALSE) -> 45749
A22: 45748.318 | B22: franzwillians@gmail.com | C22: Franz Willians Coimbra Martins | D22: 851.073.361-91 | E22: 28648 | F22: (67)99337-0272 | G22: Cassilândia | H22: Gestão municipal | I22: Gerente de frota | J22: Estamos tentando otimizar nosso transporte escolar conforme a legislação. Mas encontramos muita resistência com os pais. dos alunos. | L22: =VLOOKUP(G22,Datas!$A$1:$B$50,2,FALSE) -> 45750
A23: 45748.325 | B23: romeugoulart@gmail.com | C23: Romeu Goulart da Silva | D23: 312.097.501-04 | E23: 22943 | F23: (67)98129-2310 | G23: Cassilândia | H23: Gestão municipal | I23: Escriturário Transporte Escolar Municipal | L23: =VLOOKUP(G23,Datas!$A$1:$B$50,2,FALSE) -> 45750
A24: 45747.523 | B24: prof_jcarvalho@outlook.com | C24: Jucimar Carvalho Chaves | D24: 031.051.231-05 | E24: 32514 | F24: (67)99172-4459 | G24: Coronel Sapucaia | H24: CACS-FUNDEB | K24: Técnico | L24: =VLOOKUP(G24,Datas!$A$1:$B$50,2,FALSE) -> 45749
A25: 45747.526 | B25: rosenimartins_freitas@hotmail.com | C25: Roseni Martins Freitas | D25: 555.905.001-68 | E25: 24341 | F25: (67)99956-2977 | G25: Coronel Sapucaia | H25: Gestão municipal | I25: Secretária de Educação e Cultura | L25: =VLOOKUP(G25,Datas!$A$1:$B$50,2,FALSE) -> 45749
A26: 45747.414 | B26: cleberfaria5552@gmail.com | C26: Cleber Roza de Faria | D26: 982.073.261-15 | E26: 30821 | F26: (67)99906-3441 | G26: Deodápolis | H26: Gestão municipal | I26: Recepcionista | L26: =VLOOKUP(G26,Datas!$A$1:$B$50,2,FALSE) -> 45749
A27: 45747.359 | B27: tania.salmeida@hotmail.com | C27: TÂNIA REGINA DOS SANTOS ALMEIDA | D27: 637.035.051-68 | E27: 27738 | F27: (67)99648-1099 | G27: Douradina | H27: Gestão municipal | I27: TÉCNICO DO TRANSPORTE ESCOLAR | L27: =VLOOKUP(G27,Datas!$A$1:$B$50,2,FALSE) -> 45749
A28: 45742.395 | B28: gustavo.texeira33@gmail.com | C28: Gustavo Texeira Silva | D28: 070.308.241-80 | E28: 36763 | F28: (67)99691-2218 | G28: Dourados | H28: Gestão municipal | I28: Responsável pelo transporte Escolar da Prefeitura de Dourados | L28: =VLOOKUP(G28,Datas!$A$1:$B$50,2,FALSE) -> 45749
A29: 45743.135 | B29: luizaquevedonascimento@gmail.com | C29: Luiza Quevedo Nascimento | D29: 065.889.541-90 | E29: 36213 | F29: (67)99938-1694 | G29: Dourados | H29: Gestão municipal | I29: Assistente administrativo | L29: =VLOOKUP(G29,Datas!$A$1:$B$50,2,FALSE) -> 45749
A30: 45742.686 | B30: maria_augustha@hotmail.com | C30: Maria Augustha Espíndola Domingues | D30: 000.249.231-84 | E30: 30191 | F30: (67)99971-2118 | G30: Dourados | H30: CACS-FUNDEB | K30: Conselheira representante secretaria municipal de educação de dourados | L30: =VLOOKUP(G30,Datas!$A$1:$B$50,2,FALSE) -> 45749
A31: 45743.314 | B31: vivianne_pf@hotmail.com | C31: Viviane Mantovani | D31: 829.613.871-91 | E31: 27034 | F31: (66)99604-2529 | G31: Dourados | H31: CACS-FUNDEB | K31: Conselheiro | L31: =VLOOKUP(G31,Datas!$A$1:$B$50,2,FALSE) -> 45749
A32: 45748.494 | B32: nunesclaudinei628@gmail.com | C32: Claudinei Nunes | D32: 035.212.591-88 | E32: 33116 | F32: (67)99172-2974 | G32: Eldorado | H32: CACS-FUNDEB | K32: Vice-presidente | L32: =VLOOKUP(G32,Datas!$A$1:$B$50,2,FALSE) -> 45749
A33: 45746.59 | B33: camilosanches2247@hotmail.com | C33: José Camilo Sanches | D33: 312.780.271-49 | E33: 24117 | F33: (67)99698-7171 | G33: Eldorado | H33: Gestão municipal | I33: Diretor de Transporte | L33: =VLOOKUP(G33,Datas!$A$1:$B$50,2,FALSE) -> 45749
A34: 45742.513 | B34: professorasuelli@gmail.com | C34: Sueli Menezes da Silva | D34: 480.712.501-04 | E34: 25126 | F34: (67)99617-5907 | G34: Glória de Dourados | H34: Gestão municipal | I34: TÉCNICA | L34: =VLOOKUP(G34,Datas!$A$1:$B$50,2,FALSE) -> 45749
A35: 45748.437 | B35: maurosanp_@hotmail.com | C35: Mauro San pereira da Silva | D35: 038.697.801-85 | E35: 34377 | F35: (67)99677-7013 | G35: Iguatemi | H35: Gestão municipal | I35: Gestor transporte | L35: =VLOOKUP(G35,Datas!$A$1:$B$50,2,FALSE) -> 45749
A36: 45744.632 | B36: crodoaldosp@hotmail.com | C36: Crodoaldo Spessoto Prado | D36: 489.415.901-59 | E36: 26345 | F36: (67)99836-4443 | G36: Itaporã | H36: CACS-FUNDEB | K36: Conselho | L36: =VLOOKUP(G36,Datas!$A$1:$B$50,2,FALSE) -> 45749
A37: 45734.421 | B37: joaojoao515@gmail.com | C37: João Pereira Alves | D37: 356.418.431-72 | E37: 22821 | F37: (67)99619-8565 | G37: Itaporã | H37: Gestão municipal | I37: Diretor de Departamento deTransporte Escolar | L37: =VLOOKUP(G37,Datas!$A$1:$B$50,2,FALSE) -> 45749
A38: 45734.426 | B38: Jonsongeduita@gmail.com | C38: Jonson Carvalho Miranda | D38: 814.407.581-15 | E38: 27677 | F38: (67)99624-8316 | G38: Itaporã | H38: Gestão municipal | I38: Diretor de Departamento de Controle e Prestação de Contas | L38: =VLOOKUP(G38,Datas!$A$1:$B$50,2,FALSE) -> 45749
A39: 45734.509 | B39: milton.micco@itapora.ms.gov.br | C39: Milton Cesar de Micco | D39: 437.570.061-00 | E39: 25783 | F39: (67)99643-7631 | G39: Itaporã | H39: CACS-FUNDEB | K39: Conselheiro | L39: =VLOOKUP(G39,Datas!$A$1:$B$50,2,FALSE) -> 45749
A40: 45740.735 | B40: luzinel01@gmail.com | C40: LUZINEL SOCORRO DO NASCIMENTO | D40: 802.739.041-91 | E40: 28370 | F40: (67)98209-6325 | G40: Itaquiraí | H40: Gestão municipal | I40: AUXILIAR SERVIÇOS TÉCNICOS | L40: =VLOOKUP(G40,Datas!$A$1:$B$50,2,FALSE) -> 45749
A41: 45740.743 | B41: montilegal171@hotmail.com | C41: Vagner Pereira Fernandes | D41: 555.696.501-30 | E41: 26400 | F41: (67)99657-9030 | G41: Itaquiraí | H41: Gestão municipal | I41: DIRETOR DE TRANSPORTE ESCOLAR | L41: =VLOOKUP(G41,Datas!$A$1:$B$50,2,FALSE) -> 45749
A42: 45740.737 | B42: montilegal171@hotmail.com | C42: WAGNER PEREIRA FERNANDES | D42: 555.696.501-30 | E42: 26400 | F42: (67)99657-9030 | G42: Itaquiraí | H42: Gestão municipal | I42: DIRETOR DE TRANSPORTE ESCOLAR | L42: =VLOOKUP(G42,Datas!$A$1:$B$50,2,FALSE) -> 45749
A43: 45734.423 | B43: lucianomorisco@hotmail.com | C43: Luciano Morisco Rapchan | D43: 447.812.531-72 | E43: 26088 | F43: (67)99648-3181 | G43: Ivinhema | H43: Gestão municipal | I43: Assistente de Administração | L43: =VLOOKUP(G43,Datas!$A$1:$B$50,2,FALSE) -> 45749
A44: 45734.474 | B44: narahbraguini@gmail.com | C44: Nara Henrique Braguini | D44: 023.395.351-58 | E44: 32021 | F44: (67)99971-3774 | G44: Ivinhema | H44: Gestão municipal | I44: Coordenadora | L44: =VLOOKUP(G44,Datas!$A$1:$B$50,2,FALSE) -> 45749
A45: 45744.341 | B45: valdenirmalheiros@hotmail.com | C45: Valdenir Malheiros de Castro | D45: 555.735.331-34 | E45: 25546 | F45: (67)99807-9014 | G45: Japorã | H45: Gestão municipal | I45: alimentar o programa sete | L45: =VLOOKUP(G45,Datas!$A$1:$B$50,2,FALSE) -> 45750
A46: 45744.338 | B46: valdineipavanelli@hotmail.com | C46: valdinei da silva pavanelli | D46: 000.371.471-37 | E46: 30671 | F46: (67)98140-1864 | G46: Japorã | H46: Gestão municipal | I46: chefe de divisão do transporte escolar | L46: =VLOOKUP(G46,Datas!$A$1:$B$50,2,FALSE) -> 45750
A47: 45737.484 | B47: semecel@jatei.ms.gov.br | C47: AUTENIR RODRIGUES DE LIMA | D47: 825.762.621-04 | E47: 28418 | F47: (67)99911-2198 | G47: Jateí | H47: CACS-FUNDEB | K47: MEMBRO | L47: =VLOOKUP(G47,Datas!$A$1:$B$50,2,FALSE) -> 45750
A48: 45737.482 | B48: semecel@jatei.ms.gov.br | C48: RAUL FERNANDO GARCIA | D48: 592.634.901-04 | E48: 26983 | F48: (67)99602-6840 | G48: Jateí | H48: Gestão municipal | I48: SECRETÁRIO MUNICIPAL DE EDUCAÇÃO | L48: =VLOOKUP(G48,Datas!$A$1:$B$50,2,FALSE) -> 45750
A49: 45737.488 | B49: semecel@jatei.ms.gov.br | C49: THIAGO RODRIGUES DOS REIS | D49: 012.494.461-20 | E49: 31446 | F49: (67)99848-6764 | G49: Jateí | H49: CACS-FUNDEB | K49: MEMBRO | L49: =VLOOKUP(G49,Datas!$A$1:$B$50,2,FALSE) -> 45750
A50: 45742.45 | B50: andreluizgomes5691@gmail.com | C50: Andre Luiz Gomes da Silva | D50: 038.713.231-79 | E50: 33394 | F50: (67)98475-4680 | G50: Juti | H50: Gestão municipal | I50: Diretor do Departamento do Transporte Escolar | L50: =VLOOKUP(G50,Datas!$A$1:$B$50,2,FALSE) -> 45750
A51: 45742.438 | B51: carol_juti@hotmail.com | C51: Carolina Fernandes Paes de Almeida | D51: 905.700.301-53 | E51: 29858 | F51: (67)98448-6815 | G51: Juti | H51: Gestão municipal | I51: Agente administrativo | L51: =VLOOKUP(G51,Datas!$A$1:$B$50,2,FALSE) -> 45750
A52: 45741.346 | B52: danimedina826@gmail.com | C52: ADINEIA APARECIDA ZADROSKI DUARTE | D52: 506.447.341-91 | E52: 27552 | F52: (67)99951-1189 | G52: Laguna Carapã | H52: CACS-FUNDEB | K52: técnico administrativo | L52: =VLOOKUP(G52,Datas!$A$1:$B$50,2,FALSE) -> 45750
A53: 45740.752 | B53: danimedina826@gmail.com | C53: daniela medina arguelho | D53: 083.222.581-94 | E53: 36569 | F53: (67)99852-3934 | G53: Laguna Carapã | H53: Gestão municipal | I53: técnico | L53: =VLOOKUP(G53,Datas!$A$1:$B$50,2,FALSE) -> 45750
A54: 45741.448 | B54: danimedina826@gmail.com | C54: Sônia Regina Meireles Lago | D54: 063.006.468-74 | E54: 23435 | F54: (67)99923-8890 | G54: Laguna Carapã | H54: CACS-FUNDEB | K54: técnico | L54: =VLOOKUP(G54,Datas!$A$1:$B$50,2,FALSE) -> 45750
A55: 45749.723 | B55: dr.diego.ribeiro25@gmail.com | C55: DIEGO RIBEIRO | D55: 355.073.268-60 | E55: 31913 | F55: (67)99139-1611 | G55: Laguna Carapã | H55: Gestão municipal | I55: TÉCNICO | L55: =VLOOKUP(G55,Datas!$A$1:$B$50,2,FALSE) -> 45750
A56: 45741.401 | B56: dinamarfreitas@hotmail.com | C56: Dinamar de Souza Freitas | D56: 832.356.201-68 | E56: 24181 | F56: (67)99671-6678 | G56: Maracaju | H56: CACS-FUNDEB | K56: Conselheira Tutelar | L56: =VLOOKUP(G56,Datas!$A$1:$B$50,2,FALSE) -> 45750
A57: 45734.352 | B57: gabrielbcosta09091994@gmail.com | C57: Gabriel Barbosa Costa | D57: 050.776.421-84 | E57: 34586 | F57: (67)98103-8391 | G57: Maracaju | H57: Gestão municipal | I57: Prestação de Contas | J57: Houve troca de gestão, mas não teve processo de transição, a antiga gestão não nos apresentou nada | L57: =VLOOKUP(G57,Datas!$A$1:$B$50,2,FALSE) -> 45750
A58: 45747.456 | B58: educacao.matriculadigital@maracaju.ms.gov.br | C58: Gabriel Barbosa Costa | D58: 050.776.421-84 | E58: 34586 | F58: (67)98103-8391 | G58: Maracaju | H58: Gestão municipal | I58: Diretor de Departamento DAS-4 | J58: Sim, sou da nova gestão desse ano em diante | K58: Conselheira | L58: =VLOOKUP(G58,Datas!$A$1:$B$50,2,FALSE) -> 45750
A59: 45734.355 | B59: ricartegv@outlook.com.br | C59: Gabriel Vinicius Ricarte Pedrozo | D59: 070.184.021-82 | E59: 36339 | F59: (67)99178-0319 | G59: Maracaju | H59: Gestão municipal | I59: Auxiliar de secretaria do transporte | J59: Mudança de gestão e ingresso de novos servidores | L59: =VLOOKUP(G59,Datas!$A$1:$B$50,2,FALSE) -> 45750
A60: 45740.7 | B60: patricnascimentodasilva@gmail.com | C60: Patric Nascimento da Silva | D60: 032.323.241-85 | E60: 32447 | F60: (67)99935-6261 | G60: Maracaju | H60: CACS-FUNDEB | K60: Diretor de transporte | L60: =VLOOKUP(G60,Datas!$A$1:$B$50,2,FALSE) -> 45750
A61: 45748.586 | B61: frota@mundonovo.gov.ms.br | C61: Willian Carlos Magi Santos | D61: 732.767.072-68 | E61: 30186 | F61: (67)99611-1941 | G61: Mundo Novo | H61: Gestão municipal | I61: Diretor de Transporte e Frota | L61: =VLOOKUP(G61,Datas!$A$1:$B$50,2,FALSE) -> 45750
A62: 45748.628 | B62: frota@mundonovo.ms.gov.br | C62: Willian Carlos magi santos | D62: 732.767.072-68 | E62: 30186 | F62: (67)99611-1941 | G62: Mundo Novo | H62: Gestão municipal | I62: Diretor de Transporte e Frota | L62: =VLOOKUP(G62,Datas!$A$1:$B$50,2,FALSE) -> 45750
A63: 45747.474 | B63: aninhap882@gmail.com | C63: Ana da Silva Pinheiro | D63: 922.710.221-34 | E63: 30195 | F63: (67)99977-7990 | G63: Naviraí | H63: Gestão municipal | I63: Auxiliar administrativo transporte escolar | J63: Ônibus todos rastreados | L63: =VLOOKUP(G63,Datas!$A$1:$B$50,2,FALSE) -> 45750
A64: 45747.706 | B64: cami_edu_domingos@hotmail.com | C64: Carla Cristiane Silva Rocha Cunha | D64: 888.127.741-72 | E64: 28425 | F64: (67)99913-8834 | G64: Naviraí | H64: CACS-FUNDEB | K64: Presidente | L64: =VLOOKUP(G64,Datas!$A$1:$B$50,2,FALSE) -> 45750
A65: 45735.743 | B65: carlosstabenow@hotmail.com | C65: Carlos Eduardo Stabenow Minari | D65: 931.593.741-49 | E65: 30017 | F65: (67)99965-9471 | G65: Naviraí | H65: Gestão municipal | I65: Gerente de equipe de unidades escolares | L65: =VLOOKUP(G65,Datas!$A$1:$B$50,2,FALSE) -> 45750
A66: 45747.482 | B66: claudiopigossobrasil@gmail.com | C66: Claudio pigosso | D66: 500.664.711-68 | E66: 25555 | F66: (67)99879-6368 | G66: Naviraí | H66: Gestão municipal | I66: Gerente de equipe do transporte escolar | L66: =VLOOKUP(G66,Datas!$A$1:$B$50,2,FALSE) -> 45750
A67: 45747.716 | B67: osmaralves1998@gmail.com | C67: Osmar Alves de Oliveira Sobrinho | D67: 637.112.651-20 | E67: 26200 | F67: (67)99697-8207 | G67: Naviraí | H67: CACS-FUNDEB | K67: Conselheiro | L67: =VLOOKUP(G67,Datas!$A$1:$B$50,2,FALSE) -> 45750
A68: 45748.709 | B68: Transporteescolar@novaalvoradadosul.ms.gov.br | C68: Ozeias Morais da Silva | D68: 014.985.871-00 | E68: 31161 | F68: (67)99678-2795 | G68: Nova Alvorada do Sul | H68: Gestão municipal | I68: Coordenador de transporte escolar | L68: =VLOOKUP(G68,Datas!$A$1:$B$50,2,FALSE) -> 45750
A69: 45734.488 | B69: ejas.emerson@gmail.com | C69: Emerson José Alves da Silva | D69: 847.122.011-34 | E69: 28948 | F69: (67)99808-1320 | G69: Nova Andradina | H69: Gestão municipal | I69: Diretor transporte escolar | L69: =VLOOKUP(G69,Datas!$A$1:$B$50,2,FALSE) -> 45750
A70: 45740.752 | B70: lucimara260379@gmail.com | C70: Lucimara Caccia Faverssiani | D70: 897.614.721-91 | E70: 28940 | F70: (67)99644-6575 | G70: Nova Andradina | H70: CACS-FUNDEB | K70: Conselheira | L70: =VLOOKUP(G70,Datas!$A$1:$B$50,2,FALSE) -> 45750
A71: 45735.923 | B71: ricardoappaixao1979@gmail.com | C71: Ricardo Aparecido da Paixão | D71: 891.400.791-04 | E71: 28978 | F71: (67)99909-7296 | G71: Nova Andradina | H71: CACS-FUNDEB | K71: Presidente | L71: =VLOOKUP(G71,Datas!$A$1:$B$50,2,FALSE) -> 45750
A72: 45735.863 | B72: silvana.sanches@ifms.edu.br | C72: Silvana Colombelli Parra Sanches | D72: 960.116.021-34 | E72: 30230 | F72: (67)99173-0771 | G72: Nova Andradina | H72: CACS-FUNDEB | K72: Conselheira titutal sociedade civil | L72: =VLOOKUP(G72,Datas!$A$1:$B$50,2,FALSE) -> 45750
A73: 45744.566 | B73: wagao1450@gmail.com | C73: Wagner Carlos Perigo | D73: 781.910.091-53 | E73: 28186 | F73: (67)99994-4791 | G73: Nova Andradina | H73: Gestão municipal | I73: Secretário Municipal de Educação Cultura e Esporte | L73: =VLOOKUP(G73,Datas!$A$1:$B$50,2,FALSE) -> 45750
A74: 45740.667 | B74: anderson-2511@hotmail.com | C74: Anderson Oliveira Souza | D74: 045.727.011-05 | E74: 34298 | F74: (67)98452-5260 | G74: Novo Horizonte do Sul | H74: Gestão municipal | I74: Técnico Administrativo | L74: =VLOOKUP(G74,Datas!$A$1:$B$50,2,FALSE) -> 45750
A75: 45740.819 | B75: crissfrangiotti@gmail.com | C75: Maria Cristina Frangiotti | D75: 921.493.321-91 | E75: 29058 | F75: (67)98445-1879 | G75: Novo Horizonte do Sul | H75: CACS-FUNDEB | K75: Membro | L75: =VLOOKUP(G75,Datas!$A$1:$B$50,2,FALSE) -> 45750
A76: 45733.696 | B76: eliana.quadra@hotmail.com | C76: Eliana lopes Pereira | D76: 942.327.681-49 | E76: 30068 | F76: (67)99913-6007 | G76: Paranhos | H76: CACS-FUNDEB | K76: conselheira | L76: =VLOOKUP(G76,Datas!$A$1:$B$50,2,FALSE) -> 45750
A77: 45733.693 | B77: fagnergalina33@gmail.com | C77: Fagner Rodrigues Galina | D77: 046.804.109-57 | E77: 31113 | F77: (67)99653-5397 | G77: Paranhos | H77: Gestão municipal | I77: Diretor de Transporte Escolar | L77: =VLOOKUP(G77,Datas!$A$1:$B$50,2,FALSE) -> 45750
A78: 45733.699 | B78: jaque_hernacki@hotmail.com | C78: Jaqueline Hernacki | D78: 023.145.741-33 | E78: 32243 | F78: (67)99962-9226 | G78: Paranhos | H78: Gestão municipal | I78: Tecnica de prestação de contas | L78: =VLOOKUP(G78,Datas!$A$1:$B$50,2,FALSE) -> 45750
A79: 45741.503 | B79: guilhermemateus348@gmail.com | C79: guilherme mateus silva cardoso | D79: 086.228.041-94 | E79: 37837 | F79: (67)99178-8895 | G79: Ponta Porã | H79: Gestão municipal | I79: Assistente no setor de transporte escolar | L79: =VLOOKUP(G79,Datas!$A$1:$B$50,2,FALSE) -> 45750
A80: 45748.793 | B80: luciana_fmatos@hotmail.com | C80: Luciana Ferriol de Matos | D80: 506.487.641-68 | E80: 26889 | F80: (67)99983-5384 | G80: Ponta Porã | H80: CACS-FUNDEB | K80: Conselheira | L80: =VLOOKUP(G80,Datas!$A$1:$B$50,2,FALSE) -> 45750
A81: 45741.499 | B81: luciano_mcm@hotmail.com | C81: Luciano Marques da Costa Martins | D81: 899.070.941-53 | E81: 28089 | F81: (67)98419-2006 | G81: Ponta Porã | H81: Gestão municipal | I81: Gerente do Transporte Escolar | L81: =VLOOKUP(G81,Datas!$A$1:$B$50,2,FALSE) -> 45750
A82: 45748.967 | B82: maurinha1964@gmail.com | C82: Maurici Nascimento Silva | D82: 913.159.131-00 | E82: 23638 | F82: (67)99856-6954 | G82: Ponta Porã | H82: CACS-FUNDEB | K82: Conselheira representante do Ensino público | L82: =VLOOKUP(G82,Datas!$A$1:$B$50,2,FALSE) -> 45750
A83: 45748.438 | B83: analuizavenite@gmail.com | C83: Ana Luiza Venite Gama | D83: 058.764.141-07 | E83: 36520 | F83: (67)99826-1253 | G83: Rio Brilhante | H83: Gestão municipal | I83: Gestor de núcleo - Convenios e prestação de contas | L83: =VLOOKUP(G83,Datas!$A$1:$B$50,2,FALSE) -> 45750
A84: 45743.476 | B84: marisantin6@gmail.com | C84: Marilete Santin | D84: 009.602.231-00 | E84: 31173 | F84: (67)99954-7035 | G84: Rio Brilhante | H84: CACS-FUNDEB | K84: Representante Escolas do Campo | L84: =VLOOKUP(G84,Datas!$A$1:$B$50,2,FALSE) -> 45750
A85: 45747.402 | B85: thaine.stefani@gmail.com | C85: Thaine Stefani dos Santos | D85: 034.548.621-83 | E85: 32278 | F85: (67)99682-0430 | G85: Rio Brilhante | H85: Gestão municipal | I85: ass de administração | L85: =VLOOKUP(G85,Datas!$A$1:$B$50,2,FALSE) -> 45750
A86: 45742.905 | B86: uesley.u@gmail.com | C86: Uesley Souza | D86: 041.510.051-88 | E86: 33417 | F86: (67)99933-1714 | G86: Rio Brilhante | H86: CACS-FUNDEB | K86: Presidente | L86: =VLOOKUP(G86,Datas!$A$1:$B$50,2,FALSE) -> 45750
A87: 45749.684 | B87: joelbaferreiragomes@gmail.com | C87: Joelba Ferreira Gomes | D87: 501.461.651-87 | E87: 25413 | F87: (67)99996-9080 | G87: Sete Quedas | H87: Gestão municipal | I87: Coordenação | L87: =VLOOKUP(G87,Datas!$A$1:$B$50,2,FALSE) -> 45750
A88: 45749.692 | B88: criswentzprestes@outlook.com.br | C88: Crislaine wentz ferreira | D88: 985.453.291-72 | E88: 30330 | F88: (67)99166-5353 | G88: Sete Quedas | H88: CACS-FUNDEB | K88: Membro | L88: =VLOOKUP(G88,Datas!$A$1:$B$50,2,FALSE) -> 45750
A89: 45749.706 | B89: simaoschuh1@gmail.com | C89: Simão Sirineu Schuh Dias | D89: 033.593.471-45 | E89: 33019 | F89: (67)99627-7244 | G89: Sete Quedas | H89: CACS-FUNDEB | K89: Representante de pais e alunos | L89: =VLOOKUP(G89,Datas!$A$1:$B$50,2,FALSE) -> 45750
A90: 45747.426 | B90: semec@taquarussu.ms.gov.br | C90: Amanda Gonsales de Lima | D90: 035.584.901-18 | E90: 34041 | F90: (67)99930-3357 | G90: Taquarussu | H90: Gestão municipal | I90: Auxiliar administrativo | L90: =VLOOKUP(G90,Datas!$A$1:$B$50,2,FALSE) -> 45750
A91: 45747.428 | B91: semec@taquarussu.ms.gov.br | C91: Marcio de souza santos | D91: 018.880.441-28 | E91: 31718 | F91: (67)99639-3728 | G91: Taquarussu | H91: Gestão municipal | I91: Diretor do transporte | L91: =VLOOKUP(G91,Datas!$A$1:$B$50,2,FALSE) -> 45750
A92: 45747.427 | B92: semec@taquarussu.ms.gov.br | C92: Maria Rosely Andrade dos Santos | D92: 511.394.051-87 | E92: 29106 | F92: (67)99663-1093 | G92: Taquarussu | H92: Gestão municipal | I92: Auxiliar administrativo | L92: =VLOOKUP(G92,Datas!$A$1:$B$50,2,FALSE) -> 45750
A93: 45743.409 | B93: milenezamai@gmail.com | C93: Milene Bindilatti Zamai Crivelli | D93: 899.884.261-00 | E93: 29246 | F93: (67)99963-2139 | G93: Taquarussu | H93: Gestão municipal | I93: Encarrego do setor de prestação de contas | L93: =VLOOKUP(G93,Datas!$A$1:$B$50,2,FALSE) -> 45750
A94: 45748.948 | B94: delmaaraujo1973@hotmail.com | C94: Delma Eugênia de Araújo | D94: 562.142.511-15 | E94: 26778 | F94: (67)99676-9368 | G94: Vicentina | H94: CACS-FUNDEB | K94: Presidente | L94: =VLOOKUP(G94,Datas!$A$1:$B$50,2,FALSE) -> 45750

Sheet Datas
A1: Cidade | B1: Data
A2: Amambai | B2: 45749
A3: Anaurilândia | B3: 45749
A4: Angélica | B4: 45749
A5: Aral Moreira | B5: 45749
A6: Bataguassu | B6: 45749
A7: Batayporã | B7: 45749
A8: Caarapó | B8: 45749
A9: Cassilândia | B9: 45750
A10: Coronel Sapucaia | B10: 45749
A11: Deodápolis | B11: 45749
A12: Douradina | B12: 45749
A13: Dourados | B13: 45749
... A37: Vicentina | B37: 45750

Sheet Confirmados Via E-mail
A1: Carimbo de data/hora | B1: Endereço de e-mail | C1: Nome Completo: | D1: CPF | E1: Data de Nascimento | F1: Telefone (XX)XXXXX-XXXX | G1: Município que representa: | H1: Você faz parte do: | I1: Que cargo você ocupa na gestão municipal? | J1: Prezado(a) Gestor(a), Se existe algum caso de sucesso da gestão do transporte escolar no seu município, gostaríamos conhecer mais um pouco ao respeito. Por favor, relate de forma sucinta o caso de sucesso no espaço a seguir: | K1: Que cargo você ocupa no CACS-FUNDEB? | L1: Dia
A2: 45734.421 | B2: joaojoao515@gmail.com | C2: João Pereira Alves | D2: 356.418.431-72 | E2: 22821 | F2: (67)99619-8565 | G2: Itaporã | H2: Gestão municipal | I2: Diretor de Departamento deTransporte Escolar | L2: 45749
A3: 45734.423 | B3: lucianomorisco@hotmail.com | C3: Luciano Morisco Rapchan | D3: 447.812.531-72 | E3: 26088 | F3: (67)99648-3181 | G3: Ivinhema | H3: Gestão municipal | I3: Assistente de Administração | L3: 45749
A4: 45734.426 | B4: Jonsongeduita@gmail.com | C4: Jonson Carvalho Miranda | D4: 814.407.581-15 | E4: 27677 | F4: (67)99624-8316 | G4: Itaporã | H4: Gestão municipal | I4: Diretor de Departamento de Controle e Prestação de Contas | L4: 45749
A5: 45734.474 | B5: narahbraguini@gmail.com | C5: Nara Henrique Braguini | D5: 023.395.351-58 | E5: 32021 | F5: (67)99971-3774 | G5: Ivinhema | H5: Gestão municipal | I5: Coordenadora | L5: 45749
A6: 45734.509 | B6: milton.micco@itapora.ms.gov.br | C6: Milton Cesar de Micco | D6: 437.570.061-00 | E6: 25783 | F6: (67)99643-7631 | G6: Itaporã | H6: CACS-FUNDEB | K6: Conselheiro | L6: 45749
A7: 45736.619 | B7: josilaineneves01@gmail.com | C7: JOSILÂINE NEVES DA SILVA | D7: 032.679.841-22 | E7: 32569 | F7: (67)99101-5042 | G7: Caarapó | H7: Gestão municipal | I7: CHEFE DE DEPARTAMENTO DO TRANSPORTE ESCOLAR | L7: 45749
A8: 45737.402 | B8: smec2018@outlook.com | C8: Adriana Ramos da Silva | D8: 015.884.291-05 | E8: 31964 | F8: (67)99626-6555 | G8: Batayporã | H8: Gestão municipal | I8: Técnica do Transporte Escolar | L8: 45749
A9: 45737.415 | B9: cidamirandasilva@gmail.com | C9: Maria Aparecida Miranda da Silva | D9: 481.570.661-15 | E9: 1/15/0069 | F9: (67)99829-2334 | G9: Batayporã | H9: CACS-FUNDEB | K9: Vice presidente | L9: 45749
A10: 45737.473 | B10: carmemkaio@hotmail.com | C10: Carmem Lúcia Lopes da Silva | D10: 929.329.591-15 | E10: 29703 | F10: (67)99694-5535 | G10: Amambai | H10: Gestão municipal | I10: Técnica de convênios e prestação de contas/membros do Cacs-Fundeb também | J10: Garantia de transporte a todos | L10: 45749
A11: 45737.494 | B11: davi.v.lopes@hotmail.com | C11: Davi Vieira Lopes | D11: 840.823.481-15 | E11: 29349 | F11: (67)99925-9086 | G11: Caarapó | H11: CACS-FUNDEB | K11: Presidente | L11: 45749
A12: 45737.543 | B12: profosmar@hotmail.com | C12: Osmar Aparecido Delvecchio | D12: 319.591.219-87 | E12: 21421 | F12: (67)99852-3057 | G12: Amambai | H12: CACS-FUNDEB | K12: Conselheiro | L12: 45749
A13: 45737.567 | B13: leiasouzass@hotmail.com | C13: Leia Maria de Jesus Souza | D13: 797.993.701-59 | E13: 28159 | F13: (67)99912-5189 | G13: Batayporã | H13: Gestão municipal | I13: Prestação Contas | L13: 45749
A14: 45740.735 | B14: luzinel01@gmail.com | C14: LUZINEL SOCORRO DO NASCIMENTO | D14: 802.739.041-91 | E14: 28370 | F14: (67)98209-6325 | G14: Itaquiraí | H14: Gestão municipal | I14: AUXILIAR SERVIÇOS TÉCNICOS | L14: 45749
A15: 45740.737 | B15: montilegal171@hotmail.com | C15: WAGNER PEREIRA FERNANDES | D15: 555.696.501-30 | E15: 26400 | F15: (67)99657-9030 | G15: Itaquiraí | H15: Gestão municipal | I15: DIRETOR DE TRANSPORTE ESCOLAR | L15: 45749
A16: 45740.743 | B16: montilegal171@hotmail.com | C16: Vagner Pereira Fernandes | D16: 555.696.501-30 | E16: 26400 | F16: (67)99657-9030 | G16: Itaquiraí | H16: Gestão municipal | I16: DIRETOR DE TRANSPORTE ESCOLAR | L16: 45749
A17: 45741.438 | B17: edinaldo_s_silva@hotmail.com | C17: Edinaldo Silva | D17: 830.554.871-68 | E17: 28265 | F17: (67)99649-7035 | G17: Amambai | H17: CACS-FUNDEB | K17: presidente | L17: 45749
A18: 45742.395 | B18: gustavo.texeira33@gmail.com | C18: Gustavo Texeira Silva | D18: 070.308.241-80 | E18: 36763 | F18: (67)99691-2218 | G18: Dourados | H18: Gestão municipal | I18: Responsável pelo transporte Escolar da Prefeitura de Dourados | L18: 45749
A19: 45742.462 | B19: osmair_garcia@hotmail.com | C19: OSMAIR ALVES GARCIA | D19: 796.398.951-72 | E19: 28554 | F19: (67)99888-4290 | G19: Anaurilândia | H19: Gestão municipal | I19: ASSISTENTE ADMINISTRATIVO | J19: O MUNIC. CONSEGUIU TERCEIRIZAR BOA PARTE DAS LINHAS COM VEICULOS 2025! | L19: 45749
A20: 45742.464 | B20: osmair_garcia@hotmail.com | C20: EDSON UMBELINO | D20: 554.765.201-63 | E20: 21306 | F20: (67)99835-3076 | G20: Anaurilândia | H20: Gestão municipal | I20: COORDENADOR TRANSPORTE ESCOLAR | L20: 45749
A21: 45742.513 | B21: professorasuelli@gmail.com | C21: Sueli Menezes da Silva | D21: 480.712.501-04 | E21: 25126 | F21: (67)99617-5907 | G21: Glória de Dourados | H21: Gestão municipal | I21: TÉCNICA | L21: 45749
A22: 45742.686 | B22: maria_augustha@hotmail.com | C22: Maria Augustha Espíndola Domingues | D22: 000.249.231-84 | E22: 30191 | F22: (67)99971-2118 | G22: Dourados | H22: CACS-FUNDEB | K22: Conselheira representante secretaria municipal de educação de dourados | L22: 45749
A23: 45743.135 | B23: luizaquevedonascimento@gmail.com | C23: Luiza Quevedo Nascimento | D23: 065.889.541-90 | E23: 36213 | F23: (67)99938-1694 | G23: Dourados | H23: Gestão municipal | I23: Assistente administrativo | L23: 45749
A24: 45743.314 | B24: vivianne_pf@hotmail.com | C24: Viviane Mantovani | D24: 829.613.871-91 | E24: 27034 | F24: (66)99604-2529 | G24: Dourados | H24: CACS-FUNDEB | K24: Conselheiro | L24: 45749
A25: 45743.547 | B25: bell-ifsm@hotmail.com | C25: Isabel Fernandes santos | D25: 876.656.541-34 | E25: 29773 | F25: (67)99627-0716 | G25: Caarapó | H25: Gestão municipal | I25: Prestação de contas | L25: 45749
A26: 45743.859 | B26: alcenirlima2025semec@gmail.com | C26: Alcenir Rodrigues de Lima | D26: 365.252.431-49 | E26: 24785 | F26: (67)98192-0562 | G26: Bataguassu | H26: Gestão municipal | I26: Assessor Técnico e Pedagógico de Projetos e Convênios | L26: 45749
A27: 45733.693 | B27: fagnergalina33@gmail.com | C27: Fagner Rodrigues Galina | D27: 046.804.109-57 | E27: 31113 | F27: (67)99653-5397 | G27: Paranhos | H27: Gestão municipal | I27: Diretor de Transporte Escolar | L27: 45750
A28: 45733.696 | B28: eliana.quadra@hotmail.com | C28: Eliana lopes Pereira | D28: 942.327.681-49 | E28: 30068 | F28: (67)99913-6007 | G28: Paranhos | H28: CACS-FUNDEB | K28: conselheira | L28: 45750
A29: 45733.699 | B29: jaque_hernacki@hotmail.com | C29: Jaqueline Hernacki | D29: 023.145.741-33 | E29: 32243 | F29: (67)99962-9226 | G29: Paranhos | H29: Gestão municipal | I29: Tecnica de prestação de contas | L29: 45750
A30: 45734.352 | B30: gabrielbcosta09091994@gmail.com | C30: Gabriel Barbosa Costa | D30: 050.776.421-84 | E30: 34586 | F30: (67)98103-8391 | G30: Maracaju | H30: Gestão municipal | I30: Prestação de Contas | J30: Houve troca de gestão, mas não teve processo de transição, a antiga gestão não nos apresentou nada | L30: 45750
A31: 45734.355 | B31: ricartegv@outlook.com.br | C31: Gabriel Vinicius Ricarte Pedrozo | D31: 070.184.021-82 | E31: 36339 | F31: (67)99178-0319 | G31: Maracaju | H31: Gestão municipal | I31: Auxiliar de secretaria do transporte | J31: Mudança de gestão e ingresso de novos servidores | L31: 45750
A32: 45734.488 | B32: ejas.emerson@gmail.com | C32: Emerson José Alves da Silva | D32: 847.122.011-34 | E32: 28948 | F32: (67)99808-1320 | G32: Nova Andradina | H32: Gestão municipal | I32: Diretor transporte escolar | L32: 45750
A33: 45735.743 | B33: carlosstabenow@hotmail.com | C33: Carlos Eduardo Stabenow Minari | D33: 931.593.741-49 | E33: 30017 | F33: (67)99965-9471 | G33: Naviraí | H33: Gestão municipal | I33: Gerente de equipe de unidades escolares | L33: 45750
A34: 45735.863 | B34: silvana.sanches@ifms.edu.br | C34: Silvana Colombelli Parra Sanches | D34: 960.116.021-34 | E34: 30230 | F34: (67)99173-0771 | G34: Nova Andradina | H34: CACS-FUNDEB | K34: Conselheira titutal sociedade civil | L34: 45750
A35: 45735.923 | B35: ricardoappaixao1979@gmail.com | C35: Ricardo Aparecido da Paixão | D35: 891.400.791-04 | E35: 28978 | F35: (67)99909-7296 | G35: Nova Andradina | H35: CACS-FUNDEB | K35: Presidente | L35: 45750
A36: 45737.482 | B36: semecel@jatei.ms.gov.br | C36: RAUL FERNANDO GARCIA | D36: 592.634.901-04 | E36: 26983 | F36: (67)99602-6840 | G36: Jateí | H36: Gestão municipal | I36: SECRETÁRIO MUNICIPAL DE EDUCAÇÃO | L36: 45750
A37: 45737.484 | B37: semecel@jatei.ms.gov.br | C37: AUTENIR RODRIGUES DE LIMA | D37: 825.762.621-04 | E37: 28418 | F37: (67)99911-2198 | G37: Jateí | H37: CACS-FUNDEB | K37: MEMBRO | L37: 45750
A38: 45737.488 | B38: semecel@jatei.ms.gov.br | C38: THIAGO RODRIGUES DOS REIS | D38: 012.494.461-20 | E38: 31446 | F38: (67)99848-6764 | G38: Jateí | H38: CACS-FUNDEB | K38: MEMBRO | L38: 45750
A39: 45740.667 | B39: anderson-2511@hotmail.com | C39: Anderson Oliveira Souza | D39: 045.727.011-05 | E39: 34298 | F39: (67)98452-5260 | G39: Novo Horizonte do Sul | H39: Gestão municipal | I39: Técnico Administrativo | L39: 45750
A40: 45740.7 | B40: patricnascimentodasilva@gmail.com | C40: Patric Nascimento da Silva | D40: 032.323.241-85 | E40: 32447 | F40: (67)99935-6261 | G40: Maracaju | H40: CACS-FUNDEB | K40: Diretor de transporte | L40: 45750
A41: 45740.752 | B41: danimedina826@gmail.com | C41: daniela medina arguelho | D41: 083.222.581-94 | E41: 36569 | F41: (67)99852-3934 | G41: Laguna Carapã | H41: Gestão municipal | I41: técnico | L41: 45750
A42: 45740.752 | B42: lucimara260379@gmail.com | C42: Lucimara Caccia Faverssiani | D42: 897.614.721-91 | E42: 28940 | F42: (67)99644-6575 | G42: Nova Andradina | H42: CACS-FUNDEB | K42: Conselheira | L42: 45750
A43: 45740.819 | B43: crissfrangiotti@gmail.com | C43: Maria Cristina Frangiotti | D43: 921.493.321-91 | E43: 29058 | F43: (67)98445-1879 | G43: Novo Horizonte do Sul | H43: CACS-FUNDEB | K43: Membro | L43: 45750
A44: 45741.346 | B44: danimedina826@gmail.com | C44: ADINEIA APARECIDA ZADROSKI DUARTE | D44: 506.447.341-91 | E44: 27552 | F44: (67)99951-1189 | G44: Laguna Carapã | H44: CACS-FUNDEB | K44: técnico administrativo | L44: 45750
A45: 45741.401 | B45: dinamarfreitas@hotmail.com | C45: Dinamar de Souza Freitas | D45: 832.356.201-68 | E45: 24181 | F45: (67)99671-6678 | G45: Maracaju | H45: CACS-FUNDEB | K45: Conselheira Tutelar | L45: 45750
A46: 45741.448 | B46: danimedina826@gmail.com | C46: Sônia Regina Meireles Lago | D46: 063.006.468-74 | E46: 23435 | F46: (67)99923-8890 | G46: Laguna Carapã | H46: CACS-FUNDEB | K46: técnico | L46: 45750
A47: 45741.499 | B47: luciano_mcm@hotmail.com | C47: Luciano Marques da Costa Martins | D47: 899.070.941-53 | E47: 28089 | F47: (67)98419-2006 | G47: Ponta Porã | H47: Gestão municipal | I47: Gerente do Transporte Escolar | L47: 45750
A48: 45741.503 | B48: guilhermemateus348@gmail.com | C48: guilherme mateus silva cardoso | D48: 086.228.041-94 | E48: 37837 | F48: (67)99178-8895 | G48: Ponta Porã | H48: Gestão municipal | I48: Assistente no setor de transporte escolar | L48: 45750
A49: 45741.53 | B49: educacao.matriculadigital@maracaju.ms.gov.br | C49: Dinamar de Souza Freita | D49: 832.356.201-68 | E49: 24181 | F49: (67)99671-6678 | G49: Maracaju | H49: CACS-FUNDEB | K49: Conselheira | L49: 45750
A50: 45742.438 | B50: carol_juti@hotmail.com | C50: Carolina Fernandes Paes de Almeida | D50: 905.700.301-53 | E50: 29858 | F50: (67)98448-6815 | G50: Juti | H50: Gestão municipal | I50: Agente administrativo | L50: 45750
A51: 45742.45 | B51: andreluizgomes5691@gmail.com | C51: Andre Luiz Gomes da Silva | D51: 038.713.231-79 | E51: 33394 | F51: (67)98475-4680 | G51: Juti | H51: Gestão municipal | I51: Diretor do Departamento do Transporte Escolar | L51: 45750
A52: 45742.905 | B52: uesley.u@gmail.com | C52: Uesley Souza | D52: 041.510.051-88 | E52: 33417 | F52: (67)99933-1714 | G52: Rio Brilhante | H52: CACS-FUNDEB | K52: Presidente | L52: 45750
A53: 45743.409 | B53: milenezamai@gmail.com | C53: Milene Bindilatti Zamai Crivelli | D53: 899.884.261-00 | E53: 29246 | F53: (67)99963-2139 | G53: Taquarussu | H53: Gestão municipal | I53: Encarrego do setor de prestação de contas | L53: 45750
A54: 45743.476 | B54: marisantin6@gmail.com | C54: Marilete Santin | D54: 009.602.231-00 | E54: 31173 | F54: (67)99954-7035 | G54: Rio Brilhante | H54: CACS-FUNDEB | K54: Representante Escolas do Campo | L54: 45750
A55: 45744.338 | B55: valdineipavanelli@hotmail.com | C55: valdinei da silva pavanelli | D55: 000.371.471-37 | E55: 30671 | F55: (67)98140-1864 | G55: Japorã | H55: Gestão municipal | I55: chefe de divisão do transporte escolar | L55: 45750
A56: 45744.341 | B56: valdenirmalheiros@hotmail.com | C56: Valdenir Malheiros de Castro | D56: 555.735.331-34 | E56: 25546 | F56: (67)99807-9014 | G56: Japorã | H56: Gestão municipal | I56: alimentar o programa sete | L56: 45750
A57: 45744.566 | B57: wagao1450@gmail.com | C57: Wagner Carlos Perigo | D57: 781.910.091-53 | E57: 28186 | F57: (67)99994-4791 | G57: Nova Andradina | H57: Gestão municipal | I57: Secretário Municipal de Educação Cultura e Esporte | L57: =VLOOKUP(G57,Datas!$A$1:$B$37,2,FALSE) -> 45750
A58: 45747.402 | B58: thaine.stefani@gmail.com | C58: Thaine Stefani dos Santos | D58: 034.548.621-83 | E58: 32278 | F58: (67)99682-0430 | G58: Rio Brilhante | H58: Gestão municipal | I58: ass de administração | L58: =VLOOKUP(G58,Datas!$A$1:$B$37,2,FALSE) -> 45750
A59: 45744.632 | B59: crodoaldosp@hotmail.com | C59: Crodoaldo Spessoto Prado | D59: 489.415.901-59 | E59: 26345 | F59: (67)99836-4443 | G59: Itaporã | H59: CACS-FUNDEB | K59: Conselho | L59: =VLOOKUP(G59,Datas!$A$1:$B$37,2,FALSE) -> 45749
A60: 45746.59 | B60: camilosanches2247@hotmail.com | C60: José Camilo Sanches | D60: 312.780.271-49 | E60: 24117 | F60: (67)99698-7171 | G60: Eldorado | H60: Gestão municipal | I60: Diretor de Transporte | L60: =VLOOKUP(G60,Datas!$A$1:$B$37,2,FALSE) -> 45749
A61: 45747.359 | B61: tania.salmeida@hotmail.com | C61: TÂNIA REGINA DOS SANTOS ALMEIDA | D61: 637.035.051-68 | E61: 27738 | F61: (67)99648-1099 | G61: Douradina | H61: Gestão municipal | I61: TÉCNICO DO TRANSPORTE ESCOLAR | L61: =VLOOKUP(G61,Datas!$A$1:$B$37,2,FALSE) -> 45749
A62: 45747.408 | B62: transporte.escolar.amambai@hotmail.com | C62: Wender Luiz Farias Garai | D62: 971.277.281-00 | E62: 29614 | F62: (67)99108-5287 | G62: Amambai | H62: CACS-FUNDEB | K62: Coordenador de transporte escolar | L62: =VLOOKUP(G62,Datas!$A$1:$B$37,2,FALSE) -> 45749
A63: 45747.414 | B63: cleberfaria5552@gmail.com | C63: Cleber Roza de Faria | D63: 982.073.261-15 | E63: 30821 | F63: (67)99906-3441 | G63: Deodápolis | H63: Gestão municipal | I63: Recepcionista | L63: =VLOOKUP(G63,Datas!$A$1:$B$37,2,FALSE) -> 45749
A64: 45747.426 | B64: semec@taquarussu.ms.gov.br | C64: Amanda Gonsales de Lima | D64: 035.584.901-18 | E64: 34041 | F64: (67)99930-3357 | G64: Taquarussu | H64: Gestão municipal | I64: Auxiliar administrativo | L64: =VLOOKUP(G64,Datas!$A$1:$B$37,2,FALSE) -> 45750
A65: 45747.427 | B65: semec@taquarussu.ms.gov.br | C65: Maria Rosely Andrade dos Santos | D65: 511.394.051-87 | E65: 29106 | F65: (67)99663-1093 | G65: Taquarussu | H65: Gestão municipal | I65: Auxiliar administrativo | L65: =VLOOKUP(G65,Datas!$A$1:$B$37,2,FALSE) -> 45750
A66: 45747.428 | B66: semec@taquarussu.ms.gov.br | C66: Marcio de souza santos | D66: 018.880.441-28 | E66: 31718 | F66: (67)99639-3728 | G66: Taquarussu | H66: Gestão municipal | I66: Diretor do transporte | L66: =VLOOKUP(G66,Datas!$A$1:$B$37,2,FALSE) -> 45750
A67: 45747.474 | B67: aninhap882@gmail.com | C67: Ana da Silva Pinheiro | D67: 922.710.221-34 | E67: 30195 | F67: (67)99977-7990 | G67: Naviraí | H67: Gestão municipal | I67: Auxiliar administrativo transporte escolar | J67: Ônibus todos rastreados | L67: =VLOOKUP(G67,Datas!$A$1:$B$37,2,FALSE) -> 45750
A68: 45747.482 | B68: claudiopigossobrasil@gmail.com | C68: Claudio pigosso | D68: 500.664.711-68 | E68: 25555 | F68: (67)99879-6368 | G68: Naviraí | H68: Gestão municipal | I68: Gerente de equipe do transporte escolar | L68: =VLOOKUP(G68,Datas!$A$1:$B$37,2,FALSE) -> 45750
A69: 45747.706 | B69: cami_edu_domingos@hotmail.com | C69: Carla Cristiane Silva Rocha Cunha | D69: 888.127.741-72 | E69: 28425 | F69: (67)99913-8834 | G69: Naviraí | H69: CACS-FUNDEB | K69: Presidente | L69: =VLOOKUP(G69,Datas!$A$1:$B$37,2,FALSE) -> 45750
A70: 45747.716 | B70: osmaralves1998@gmail.com | C70: Osmar Alves de Oliveira Sobrinho | D70: 637.112.651-20 | E70: 26200 | F70: (67)99697-8207 | G70: Naviraí | H70: CACS-FUNDEB | K70: Conselheiro | L70: =VLOOKUP(G70,Datas!$A$1:$B$37,2,FALSE) -> 45750
A71: 45747.706 | B71: cami_edu_domingos@hotmail.com | C71: Carla Cristiane Silva Rocha Cunha | D71: 888.127.741-72 | E71: 28425 | F71: (67)99913-8834 | G71: Naviraí | H71: CACS-FUNDEB | K71: Presidente | L71: =VLOOKUP(G71,Datas!$A$1:$B$37,2,FALSE) -> 45750
A72: 45747.716 | B72: osmaralves1998@gmail.com | C72: Osmar Alves de Oliveira Sobrinho | D72: 637.112.651-20 | E72: 26200 | F72: (67)99697-8207 | G72: Naviraí | H72: CACS-FUNDEB | K72: Conselheiro | L72: =VLOOKUP(G72,Datas!$A$1:$B$37,2,FALSE) -> 45750
A73: 45747.523 | B73: prof_jcarvalho@outlook.com | C73: Jucimar Carvalho Chaves | D73: 031.051.231-05 | E73: 32514 | F73: (67)99172-4459 | G73: Coronel Sapucaia | H73: CACS-FUNDEB | K73: Técnico | L73: =VLOOKUP(G73,Datas!$A$1:$B$37,2,FALSE) -> 45749
A74: 45747.526 | B74: rosenimartins_freitas@hotmail.com | C74: Roseni Martins Freitas | D74: 555.905.001-68 | E74: 24341 | F74: (67)99956-2977 | G74: Coronel Sapucaia | H74: Gestão municipal | I74: Secretária de Educação e Cultura | L74: =VLOOKUP(G74,Datas!$A$1:$B$37,2,FALSE) -> 45749
A75: 45747.688 | B75: valdemarantonio5@hotmail.com | C75: Valdemar Antônio de Oliveira | D75: 372.774.131-72 | E75: 24597 | F75: (67)99802-6446 | G75: Amambai | H75: Gestão municipal | I75: Gestor de Transporte Escolar | L75: =VLOOKUP(G75,Datas!$A$1:$B$37,2,FALSE) -> 45749
A76: 45747.743 | B76: marcosantoniokol17@gmail.com | C76: Marcos Antônio Kol Rudes | D76: 088.101.191-69 | E76: 52961 | F76: (67)99991-3879 | G76: Aral Moreira | H76: Gestão municipal | I76: Assistente Administrativo | L76: =VLOOKUP(G76,Datas!$A$1:$B$37,2,FALSE) -> 45749
A77: 45748.318 | B77: franzwillians@gmail.com | C77: Franz Willians Coimbra Martins | D77: 851.073.361-91 | E77: 28648 | F77: (67)99337-0272 | G77: Cassilândia | H77: Gestão municipal | I77: Gerente de frota | J77: Estamos tentando otimizar nosso transporte escolar conforme a legislação. Mas encontramos muita resistência com os pais. dos alunos. | L77: =VLOOKUP(G77,Datas!$A$1:$B$37,2,FALSE) -> 45750
A78: 45748.325 | B78: romeugoulart@gmail.com | C78: Romeu Goulart da Silva | D78: 312.097.501-04 | E78: 22943 | F78: (67)98129-2310 | G78: Cassilândia | H78: Gestão municipal | I78: Escriturário Transporte Escolar Municipal | L78: =VLOOKUP(G78,Datas!$A$1:$B$37,2,FALSE) -> 45750
A79: 45748.437 | B79: maurosanp_@hotmail.com | C79: Mauro San pereira da Silva | D79: 038.697.801-85 | E79: 34377 | F79: (67)99677-7013 | G79: Iguatemi | H79: Gestão municipal | I79: Gestor transporte | L79: =VLOOKUP(G79,Datas!$A$1:$B$37,2,FALSE) -> 45749
A80: 45748.438 | B80: fv747993@gmail.com | C80: José Fernando Vieira da Silva | D80: 005.338.441-50 | E80: 30850 | F80: (67)99225-2689 | G80: Angélica | H80: Gestão municipal | I80: Chefe de Núcleo de Transporte Escolar | L80: =VLOOKUP(G80,Datas!$A$1:$B$37,2,FALSE) -> 45749
A81: 45748.438 | B81: analuizavenite@gmail.com | C81: Ana Luiza Venite Gama | D81: 058.764.141-07 | E81: 36520 | F81: (67)99826-1253 | G81: Rio Brilhante | H81: Gestão municipal | I81: Gestor de núcleo - Convenios e prestação de contas | L81: =VLOOKUP(G81,Datas!$A$1:$B$37,2,FALSE) -> 45750
A82: 45748.447 | B82: ricardosm2002@hotmail.com | C82: RICARDO SOUZA MARCHINI | D82: 022.616.841-77 | E82: 37344 | F82: (67)99671-9885 | G82: Angélica | H82: Gestão municipal | I82: CONTADOR | L82: =VLOOKUP(G82,Datas!$A$1:$B$37,2,FALSE) -> 45749
A83: 45748.455 | B83: martavlrigon@gmail.com | C83: Marta Vieira Leite Rigon | D83: 906.974.991-20 | E83: 29554 | F83: (67)99976-7300 | G83: Aral Moreira | H83: Gestão municipal | I83: Secretária municipal de educação | L83: =VLOOKUP(G83,Datas!$A$1:$B$37,2,FALSE) -> 45749
A84: 45748.479 | B84: tania_ruivo@hotmail.com | C84: Tania Aparecida Ruivo da Luz | D84: 017.339.721-29 | E84: 31923 | F84: (67)99253-6974 | G84: Amambai | H84: Gestão municipal | I84: Secretária de Educação | J84: Não temos ni momento | L84: =VLOOKUP(G84,Datas!$A$1:$B$37,2,FALSE) -> 45749
A85: 45748.494 | B85: nunesclaudinei628@gmail.com | C85: Claudinei Nunes | D85: 035.212.591-88 | E85: 33116 | F85: (67)99172-2974 | G85: Eldorado | H85: CACS-FUNDEB | K85: Vice-presidente | L85: =VLOOKUP(G85,Datas!$A$1:$B$37,2,FALSE) -> 45749
A86: 45748.586 | B86: frota@mundonovo.gov.ms.br | C86: Willian Carlos Magi Santos | D86: 732.767.072-68 | E86: 30186 | F86: (67)99611-1941 | G86: Mundo Novo | H86: Gestão municipal | I86: Diretor de Transporte e Frota | L86: =VLOOKUP(G86,Datas!$A$1:$B$37,2,FALSE) -> 45750
A87: 45748.628 | B87: frota@mundonovo.ms.gov.br | C87: Willian Carlos magi santos | D87: 732.767.072-68 | E87: 30186 | F87: (67)99611-1941 | G87: Mundo Novo | H87: Gestão municipal | I87: Diretor de Transporte e Frota | L87: =VLOOKUP(G87,Datas!$A$1:$B$37,2,FALSE) -> 45750
A88: 45748.709 | B88: Transporteescolar@novaalvoradadosul.ms.gov.br | C88: Ozeias Morais da Silva | D88: 014.985.871-00 | E88: 31161 | F88: (67)99678-2795 | G88: Nova Alvorada do Sul | H88: Gestão municipal | I88: Coordenador de transporte escolar | L88: =VLOOKUP(G88,Datas!$A$1:$B$37,2,FALSE) -> 45750
A89: 45748.793 | B89: luciana_fmatos@hotmail.com | C89: Luciana Ferriol de Matos | D89: 506.487.641-68 | E89: 26889 | F89: (67)99983-5384 | G89: Ponta Porã | H89: CACS-FUNDEB | K89: Conselheira | L89: =VLOOKUP(G89,Datas!$A$1:$B$37,2,FALSE) -> 45750
A90: 45748.938 | B90: vanderleifreitas722@gmail.com | C90: Vanderlei de Freitas Santos | D90: 019.226.361-77 | E90: 32384 | F90: (67)99919-6945 | G90: Batayporã | H90: CACS-FUNDEB | K90: Presidente | L90: =VLOOKUP(G90,Datas!$A$1:$B$37,2,FALSE) -> 45749
A91: 45748.948 | B91: delmaaraujo1973@hotmail.com | C91: Delma Eugênia de Araújo | D91: 562.142.511-15 | E91: 26778 | F91: (67)99676-9368 | G91: Vicentina | H91: CACS-FUNDEB | K91: Presidente | L91: =VLOOKUP(G91,Datas!$A$1:$B$37,2,FALSE) -> 45750
A92: 45748.967 | B92: maurinha1964@gmail.com | C92: Maurici Nascimento Silva | D92: 913.159.131-00 | E92: 23638 | F92: (67)99856-6954 | G92: Ponta Porã | H92: CACS-FUNDEB | K92: Conselheira representante do Ensino público | L92: =VLOOKUP(G92,Datas!$A$1:$B$37,2,FALSE) -> 45750

Sheet Controle
A1: CDM | B1: NOME | C1: DIST(km) | D1: CACS-FUNDEB | E1: Gestão municipal | G1: Todos | H1: Data | I1: Quantidade
B2: Amambai | D2: =COUNTIFS('Respostas ao formulário 1'!$H$2:$H$2054,$D$1,'Respostas ao formulário 1'!$G$2:$G$2054,$B2) -> 3 | E2: =COUNTIFS('Respostas ao formulário 1'!$H$2:$H$2054,$E$1,'Respostas ao formulário 1'!$G$2:$G$2054,$B2) -> 3 | G2: =E2+D2 -> 6 | H2: =VLOOKUP(B2,Tabela_1[],2,FALSE) -> 45749 | I2: 1
B3: Anaurilândia | D3: =COUNTIFS('Respostas ao formulário 1'!$H$2:$H$2054,$D$1,'Respostas ao formulário 1'!$G$2:$G$2054,$B3) -> 0 | E3: =COUNTIFS('Respostas ao formulário 1'!$H$2:$H$2054,$E$1,'Respostas ao formulário 1'!$G$2:$G$2054,$B3) -> 2 | G3: =E3+D3 -> 2 | H3: =VLOOKUP(B3,Tabela_1[],2,FALSE) -> 45749 | I3: 2
B4: Angélica | D4: =COUNTIFS('Respostas ao formulário 1'!$H$2:$H$2054,$D$1,'Respostas ao formulário 1'!$G$2:$G$2054,$B4) -> 0 | E4: =COUNTIFS('Respostas ao formulário 1'!$H$2:$H$2054,$E$1,'Respostas ao formulário 1'!$G$2:$G$2054,$B4) -> 2 | G4: =E4+D4 -> 2 | H4: =VLOOKUP(B4,Tabela_1[],2,FALSE) -> 45749 | I4: 3
B5: Aral Moreira | D5: =COUNTIFS('Respostas ao formulário 1'!$H$2:$H$2054,$D$1,'Respostas ao formulário 1'!$G$2:$G$2054,$B5) -> 0 | E5: =COUNTIFS('Respostas ao formulário 1'!$H$2:$H$2054,$E$1,'Respostas ao formulário 1'!$G$2:$G$2054,$B5) -> 2 | G5: =E5+D5 -> 2 | H5: =VLOOKUP(B5,Tabela_1[],2,FALSE) -> 45749 | I5: 4
B6: Bataguassu | D6: =COUNTIFS('Respostas ao formulário 1'!$H$2:$H$2054,$D$1,'Respostas ao formulário 1'!$G$2:$G$2054,$B6) -> 0 | E6: =COUNTIFS('Respostas ao formulário 1'!$H$2:$H$2054,$E$1,'Respostas ao formulário 1'!$G$2:$G$2054,$B6) -> 1 | G6: =E6+D6 -> 1 | H6: =VLOOKUP(B6,Tabela_1[],2,FALSE) -> 45749 | I6: 5
B7: Batayporã | D7: =COUNTIFS('Respostas ao formulário 1'!$H$2:$H$2054,$D$1,'Respostas ao formulário 1'!$G$2:$G$2054,$B7) -> 2 | E7: =COUNTIFS('Respostas ao formulário 1'!$H$2:$H$2054,$E$1,'Respostas ao formulário 1'!$G$2:$G$2054,$B7) -> 2 | G7: =E7+D7 -> 4 | H7: =VLOOKUP(B7,Tabela_1[],2,FALSE) -> 45749 | I7: 6
B8: Caarapó | D8: =COUNTIFS('Respostas ao formulário 1'!$H$2:$H$2054,$D$1,'Respostas ao formulário 1'!$G$2:$G$2054,$B8) -> 1 | E8: =COUNTIFS('Respostas ao formulário 1'!$H$2:$H$2054,$E$1,'Respostas ao formulário 1'!$G$2:$G$2054,$B8) -> 2 | G8: =E8+D8 -> 3 | H8: =VLOOKUP(B8,Tabela_1[],2,FALSE) -> 45749 | I8: 7
B9: Coronel Sapucaia | D9: =COUNTIFS('Respostas ao formulário 1'!$H$2:$H$2054,$D$1,'Respostas ao formulário 1'!$G$2:$G$2054,$B9) -> 1 | E9: =COUNTIFS('Respostas ao formulário 1'!$H$2:$H$2054,$E$1,'Respostas ao formulário 1'!$G$2:$G$2054,$B9) -> 1 | G9: =E9+D9 -> 2 | H9: =VLOOKUP(B9,Tabela_1[],2,FALSE) -> 45749 | I9: 8
B10: Deodápolis | D10: =COUNTIFS('Respostas ao formulário 1'!$H$2:$H$2054,$D$1,'Respostas ao formulário 1'!$G$2:$G$2054,$B10) -> 0 | E10: =COUNTIFS('Respostas ao formulário 1'!$H$2:$H$2054,$E$1,'Respostas ao formulário 1'!$G$2:$G$2054,$B10) -> 1 | G10: =E10+D10 -> 1 | H10: =VLOOKUP(B10,Tabela_1[],2,FALSE) -> 45749 | I10: 9
B11: Douradina | D11: =COUNTIFS('Respostas ao formulário 1'!$H$2:$H$2054,$D$1,'Respostas ao formulário 1'!$G$2:$G$2054,$B11) -> 0 | E11: =COUNTIFS('Respostas ao formulário 1'!$H$2:$H$2054,$E$1,'Respostas ao formulário 1'!$G$2:$G$2054,$B11) -> 1 | G11: =E11+D11 -> 1 | H11: =VLOOKUP(B11,Tabela_1[],2,FALSE) -> 45749 | I11: 10
B12: Dourados | D12: =COUNTIFS('Respostas ao formulário 1'!$H$2:$H$2054,$D$1,'Respostas ao formulário 1'!$G$2:$G$2054,$B12) -> 2 | E12: =COUNTIFS('Respostas ao formulário 1'!$H$2:$H$2054,$E$1,'Respostas ao formulário 1'!$G$2:$G$2054,$B12) -> 2 | G12: =E12+D12 -> 4 | H12: =VLOOKUP(B12,Tabela_1[],2,FALSE) -> 45749 | I12: 11
B13: Eldorado | D13: =COUNTIFS('Respostas ao formulário 1'!$H$2:$H$2054,$D$1,'Respostas ao formulário 1'!$G$2:$G$2054,$B13) -> 1 | E13: =COUNTIFS('Respostas ao formulário 1'!$H$2:$H$2054,$E$1,'Respostas ao formulário 1'!$G$2:$G$2054,$B13) -> 1 | G13: =E13+D13 -> 2 | H13: =VLOOKUP(B13,Tabela_1[],2,FALSE) -> 45749 | I13: 12
... B37: Cassilândia | D37: =COUNTIFS('Respostas ao formulário 1'!$H$2:$H$2054,$D$1,'Respostas ao formulário 1'!$G$2:$G$2054,$B37) -> 0 | E37: =COUNTIFS('Respostas ao formulário 1'!$H$2:$H$2054,$E$1,'Respostas ao formulário 1'!$G$2:$G$2054,$B37) -> 2 | G37: =E37+D37 -> 2 | H37: =VLOOKUP(B37,Tabela_1[],2,FALSE) -> 45750 | I37: 18
D40: CACS | E40: Gestão municipal | G40: Todos
A41: Municípios com representante inscrito | D41: =COUNTIF(D2:D34,">0") -> 17 | E41: =COUNTIF(E2:E34,">0") -> 31 | G41: =COUNTIF(G2:G34,">0") -> 31
A42: Pessoas Inscritas | D42: =SUM(D2:D34) -> 31 | E42: =SUM(E2:E34) -> 55 | G42: =SUM(G2:G34) -> 86
