Workbook

Sheet Respostas ao formulário 1
A1: Carimbo de data/hora | B1: Endereço de e-mail | C1: Nome Completo: | D1: CPF | E1: Data de Nascimento | F1: Telefone (XX)XXXXX-XXXX | G1: Município que representa: | H1: Você faz parte do: | I1: Que cargo você ocupa na gestão municipal? | J1: Prezado(a) Gestor(a), Se existe algum caso de sucesso da gestão do transporte escolar no seu município, gostaríamos conhecer mais um pouco ao respeito. Por favor, relate de forma sucinta o caso de sucesso no espaço a seguir: | K1: Que cargo você ocupa no CACS-FUNDEB?
A2: 45873.456 | B2: leticiacsleal@gmail.com | C2: Letícia Caroline dos Santos Leal | D2: 055.457.621-08 | E2: 35150 | F2: (66)98124-8825 | G2: ARIPUANÃ | H2: CACS-FUNDEB | K2: Secretária
A3: 45873.62 | B3: robertdiglio@gmail.com | C3: Robert de Oliveira Diglio | D3: 070.640.921-31 | E3: 38754 | F3: (66)98140-1621 | G3: COLNIZA | H3: Gestão municipal | I3: Agente Administrativo
A4: 45874.432 | B4: nelson.c.menezes@gmail.com | C4: Nelson Coutinho de Menezes | D4: 104.277.988-09 | E4: 25081 | F4: (66)98443-1619 | G4: JURUENA | H4: Gestão municipal | I4: Técnico em Prestação de Contas
A5: 45874.442 | B5: loroprof@hotmail.com | C5: Lourival Alves da Rocha | D5: 616.935.881-53 | E5: 27092 | F5: (66)99633-4633 | G5: CASTANHEIRA | H5: Gestão municipal | I5: Técnico do Transcolar | J5: O município de Castanheira alcançou um marco importante: 100% dos alunos da rede municipal e estadual estão georreferenciados e devidamente alocados no transporte escolar que atende suas localidades. Essa conquista só foi possível graças à colaboração eficiente entre o Técnico do Transcolar, a Secretaria Municipal de Educação, os motoristas e a própria comunidade escolar.
A6: 45874.64 | B6: ale.almeida2023@outlook.com | C6: Alessandra levertina Almeida de Oliveira | D6: 858.385.271-53 | E6: 28615 | F6: (66)98420-3658 | G6: JURUENA | H6: CACS-FUNDEB | K6: Presidente
A7: 45875.441 | B7: satres@edu.aripuana.mt.gov.br | C7: juliana yung | D7: 035.331.941-40 | E7: 32665 | F7: (66)99241-9900 | G7: ARIPUANÃ | H7: Gestão municipal | I7: secretaria adjunta transporte escolar
A8: 45875.463 | B8: rakely_st@hotmail.com | C8: Raquel dos Santos | D8: 045.891.661-78 | E8: 33914 | F8: (66)98434-5016 | G8: JURUENA | H8: Gestão municipal | I8: Técnica Administrativa Educacional - Técnica do transporte
A9: 45875.697 | B9: cacs-fundeb@colniza.mt.gov.br | C9: RUBENS MARQUES | D9: 046.683.647-38 | E9: 28213 | F9: (66)98114-7158 | G9: COLNIZA | H9: CACS-FUNDEB | K9: PRESIDENTE
A10: 45876.5 | B10: projetos@edu.juina.mt.gov.br | C10: Daniella dos Santos Pimenta Sabatine | D10: 045.606.721-30 | E10: 34534 | F10: (66)98412-1377 | G10: JUÍNA | H10: CACS-FUNDEB | K10: Representante dos Técnicos da Educação
A11: 45876.591 | B11: gessica.silva@edu.juina.mt.gov.br | C11: Géssica Santos da Silva | D11: 063.768.491-56 | E11: 36582 | F11: (66)99669-5642 | G11: JUÍNA | H11: Gestão municipal | I11: Prestação de Contas
A12: 45877.416 | B12: jessicamacedo218@gmail.com | C12: Jéssica Thailis Freitas de Macedo | D12: 035.806.171-76 | E12: 33281 | F12: (66)99689-9179 | G12: CASTANHEIRA | H12: CACS-FUNDEB | K12: Suplente, representante de pais.
A13: 45877.456 | B13: claudetecasusade@gmail.com | C13: Claudete Casusa de Sousa e Sousa | D13: 000.427.951-41 | E13: 27886 | F13: (66)99685-2919 | G13: CASTANHEIRA | H13: Gestão municipal | I13: Professora | J13: Aumento da frota. Com isso facilitou para os alunos que moram mais distantes.
A14: 45877.456 | B14: 93richetti@gmail.com | C14: Ana Caroline Richetti Martins | D14: 053.854.911-44 | E14: 36627 | F14: (65)98457-9488 | G14: COTRIGUAÇU | H14: Gestão municipal | I14: Técnico administrativo educacional
A15: 45877.589 | B15: jocelijesus@hotmail.com | C15: Joceli Teodoro Candido de Jesus | D15: 877.974.451-68 | E15: 27631 | F15: (66)98441-6839 | G15: COTRIGUAÇU | H15: CACS-FUNDEB | K15: Secretário
A16: 45880.358 | B16: luizsanches.lsc@gmail.com | C16: luiz sanches carpes | D16: 019.842.801-47 | E16: 32228 | F16: (66)99955-5366 | G16: PORTO DOS GAÚCHOS | H16: Gestão municipal | I16: coordenador de transporte escolar | J16: gostaria de informar, que o sistema em si funciona perfeitamente , porem gostaria de frisar que a uma falha e gostaria de sugerir uma mudança. que o sistema tivesse uma ferramenta que recebesse as matriculas direto do diário eletrônico bem como o transcolar do estado de mato grosso criado pela seduc/mt , ficando assim melhor o atendimento e gerenciamento deste sistema, temos dificuldades em manter dosi sistemas de gestão escolar dentro do município.
A17: 45880.482 | B17: maria@edu.portodosgauchos.mt.gov.br | C17: Maria da Conceição de Carvalho | D17: 005.937.051-30 | E17: 29717 | F17: (66)99696-3740 | G17: PORTO DOS GAÚCHOS | H17: CACS-FUNDEB | K17: Presidente
A18: 45880.685 | B18: paulopfernando@hotmail.com | C18: PAULO FERNANDES PERES | D18: 531.307.071-15 | E18: 26465 | F18: (66)98124-6606 | G18: COTRIGUAÇU | H18: CACS-FUNDEB | K18: membro do conselho Representante de Gestores
A19: 45887.378 | B19: ana.dacol@castanheira.edu.mt.gov.br | C19: Ana Paula de Oliveira Dacol Maria | D19: 040.107.811-65 | E19: 45887 | F19: (66)99710-7907 | G19: CASTANHEIRA | H19: Gestão municipal | I19: Assessora Pedagógico | J19: TRANS ESCOLAR 100%
A20: 45888.505 | B20: ale.almeida2023@outlook.com | C20: Alessandra levertina Almeida de Oliveira | D20: 858.385.271-53 | E20: 28615 | F20: (66)98420-3658 | G20: JURUENA | H20: CACS-FUNDEB | K20: presidente
A21: 45888.624 | B21: elisangelatorresaraujo@gmail.com | C21: Elisângela Torres Araújo | D21: 571.400.901-06 | E21: 27434 | F21: (66)99722-7878 | G21: BRASNORTE | H21: CACS-FUNDEB | K21: Presidente
A22: 45889.472 | B22: smec.bte-programas@brasnorte.mt.gov.br | C22: JULIO RODRIGUES DE OLIVEIRA | D22: 819.754.221-04 | E22: 29112 | F22: (66)99629-4130 | G22: BRASNORTE | H22: Gestão municipal | I22: DIRETOR DE PROGRAMAS E PROJETOS
A23: 45889.476 | B23: robson.natan.leite@gmail.com | C23: Robson Natan Leite | D23: 020.615.391-06 | E23: 32764 | F23: (66)99942-1763 | G23: BRASNORTE | H23: Gestão municipal | I23: Coordenador do Transcolar Rural
A24: 45889.634 | B24: rosimeire_pmcastanheira@hotmail.com | C24: ROSEMEIRE JACINTA DUARTE | D24: 858.944.941-68 | E24: 28456 | F24: (66)99639-0551 | G24: CASTANHEIRA | H24: Gestão municipal | I24: Agente Administrativo III
A25: 45890.368 | B25: ildamirfaria@hotmail.com | C25: Ildamir Teixeira de Faria | D25: 862.369.891-68 | E25: 28392 | F25: (66)99987-2579 | G25: JUÍNA | H25: Gestão municipal | I25: Assessor de Logística - Transporte Escolar | J25: Não.

Sheet Controle
A1: Bom | B1: NOME | C1: DIST(km) | D1: CACS-FUNDEB | E1: Gestão municipal
A2: 5103056 | B2: ARIPUANÃ | D2: =COUNTIFS('Respostas ao formulário 1'!$H$2:$H$66,$D$1,'Respostas ao formulário 1'!$G$2:$G$66,$B2) -> 1 | E2: =COUNTIFS('Respostas ao formulário 1'!$H$2:$H$66,$E$1,'Respostas ao formulário 1'!$G$2:$G$66,$B2) -> 1 | G2: =CONCATENATE(D2, "/", E2) -> 1/1
A3: 5103205 | B3: BRASNORTE | D3: =COUNTIFS('Respostas ao formulário 1'!$H$2:$H$66,$D$1,'Respostas ao formulário 1'!$G$2:$G$66,$B3) -> 1 | E3: =COUNTIFS('Respostas ao formulário 1'!$H$2:$H$66,$E$1,'Respostas ao formulário 1'!$G$2:$G$66,$B3) -> 2 | G3: =CONCATENATE(D3, "/", E3) -> 1/2
A4: 5103700 | B4: CAMPO NOVO DO PARECIS | D4: =COUNTIFS('Respostas ao formulário 1'!$H$2:$H$66,$D$1,'Respostas ao formulário 1'!$G$2:$G$66,$B4) -> 0 | E4: =COUNTIFS('Respostas ao formulário 1'!$H$2:$H$66,$E$1,'Respostas ao formulário 1'!$G$2:$G$66,$B4) -> 0 | G4: =CONCATENATE(D4, "/", E4) -> 0/0
A5: 5104104 | B5: CASTANHEIRA | D5: =COUNTIFS('Respostas ao formulário 1'!$H$2:$H$66,$D$1,'Respostas ao formulário 1'!$G$2:$G$66,$B5) -> 1 | E5: =COUNTIFS('Respostas ao formulário 1'!$H$2:$H$66,$E$1,'Respostas ao formulário 1'!$G$2:$G$66,$B5) -> 4 | G5: =CONCATENATE(D5, "/", E5) -> 1/4
A6: 5104526 | B6: COLNIZA | D6: =COUNTIFS('Respostas ao formulário 1'!$H$2:$H$66,$D$1,'Respostas ao formulário 1'!$G$2:$G$66,$B6) -> 1 | E6: =COUNTIFS('Respostas ao formulário 1'!$H$2:$H$66,$E$1,'Respostas ao formulário 1'!$G$2:$G$66,$B6) -> 1 | G6: =CONCATENATE(D6, "/", E6) -> 1/1
A7: 5104542 | B7: COTRIGUAÇU | D7: =COUNTIFS('Respostas ao formulário 1'!$H$2:$H$66,$D$1,'Respostas ao formulário 1'!$G$2:$G$66,$B7) -> 2 | E7: =COUNTIFS('Respostas ao formulário 1'!$H$2:$H$66,$E$1,'Respostas ao formulário 1'!$G$2:$G$66,$B7) -> 1 | G7: =CONCATENATE(D7, "/", E7) -> 2/1
A8: 5104559 | B8: JUARA | D8: =COUNTIFS('Respostas ao formulário 1'!$H$2:$H$66,$D$1,'Respostas ao formulário 1'!$G$2:$G$66,$B8) -> 0 | E8: =COUNTIFS('Respostas ao formulário 1'!$H$2:$H$66,$E$1,'Respostas ao formulário 1'!$G$2:$G$66,$B8) -> 0 | G8: =CONCATENATE(D8, "/", E8) -> 0/0
A9: 5105259 | B9: JUÍNA | D9: =COUNTIFS('Respostas ao formulário 1'!$H$2:$H$66,$D$1,'Respostas ao formulário 1'!$G$2:$G$66,$B9) -> 1 | E9: =COUNTIFS('Respostas ao formulário 1'!$H$2:$H$66,$E$1,'Respostas ao formulário 1'!$G$2:$G$66,$B9) -> 2 | G9: =CONCATENATE(D9, "/", E9) -> 1/2
A10: 5105580 | B10: JURUENA | D10: =COUNTIFS('Respostas ao formulário 1'!$H$2:$H$66,$D$1,'Respostas ao formulário 1'!$G$2:$G$66,$B10) -> 2 | E10: =COUNTIFS('Respostas ao formulário 1'!$H$2:$H$66,$E$1,'Respostas ao formulário 1'!$G$2:$G$66,$B10) -> 2 | G10: =CONCATENATE(D10, "/", E10) -> 2/2
A11: 5105606 | B11: NOVO HORIZONTE DO NORTE | D11: =COUNTIFS('Respostas ao formulário 1'!$H$2:$H$66,$D$1,'Respostas ao formulário 1'!$G$2:$G$66,$B11) -> 0 | E11: =COUNTIFS('Respostas ao formulário 1'!$H$2:$H$66,$E$1,'Respostas ao formulário 1'!$G$2:$G$66,$B11) -> 0 | G11: =CONCATENATE(D11, "/", E11) -> 0/0
A12: 5108808 | B12: PORTO DOS GAÚCHOS | D12: =COUNTIFS('Respostas ao formulário 1'!$H$2:$H$66,$D$1,'Respostas ao formulário 1'!$G$2:$G$66,$B12) -> 1 | E12: =COUNTIFS('Respostas ao formulário 1'!$H$2:$H$66,$E$1,'Respostas ao formulário 1'!$G$2:$G$66,$B12) -> 1 | G12: =CONCATENATE(D12, "/", E12) -> 1/1
A13: 5108907 | B13: TABAPORÃ | D13: =COUNTIFS('Respostas ao formulário 1'!$H$2:$H$66,$D$1,'Respostas ao formulário 1'!$G$2:$G$66,$B13) -> 0 | E13: =COUNTIFS('Respostas ao formulário 1'!$H$2:$H$66,$E$1,'Respostas ao formulário 1'!$G$2:$G$66,$B13) -> 0 | G13: =CONCATENATE(D13, "/", E13) -> 0/0
D16: CACS | E16: Gestão municipal
A17: Municípios com representante inscrito | D17: =COUNTIF(D2:D13,">0") -> 8 | E17: =COUNTIF(E2:E13,">0") -> 8
A18: Pessoas Inscritas | D18: =SUM(D2:D13) -> 10 | E18: =SUM(E2:E13) -> 14

Sheet Página2
A1: ARIPUANÃ
A2: BRASNORTE
A3: CAMPO NOVO DO PARECIS
A4: CASTANHEIRA
A5: COLNIZA
A6: COTRIGUAÇU
A7: JUARA
A8: JUÍNA
A9: JURUENA
A10: NOVO HORIZONTE DO NORTE
A11: PORTO DOS GAÚCHOS
A12: TABAPORÃ
