Workbook

Sheet Respostas ao formulário 1
A1: Carimbo de data/hora | B1: Nome Completo: | C1: CPF: XXX.XXX.XXX-XX | D1: Telefone: (DD)XXXXX-XXXX | E1: Você já está inscrito no Curso de Capacitação em Transporte Escolar? | F1: E-mail coletado | G1: Data de Nascimento | H1: Telefone (XX)XXXXX-XXXX | I1: Município que representa: | J1: Você faz parte do: | K1: Que cargo você ocupa na gestão municipal? | L1: Prezado(a) Gestor(a), Se existe algum caso de sucesso da gestão do transporte escolar no seu município, gostaríamos conhecer mais um pouco ao respeito. Por favor, relate de forma sucinta o caso de sucesso no espaço a seguir: | M1: Que cargo você ocupa no CACS-FUNDEB? | N1: E-mail: xxxxxxx@xxxmail.com | O1: D/N | P1: Cidade
A2: 45890.4 | B2: Paulo Fernandes Peres | C2: 531.307.071-15 | D2: (66)98124-6606 | E2: Sim | N2: =IF(E2="Não",F2,VLOOKUP(C2,'Inscrições'!D:I,6,FALSE)) -> paulopfernando@hotmail.com | O2: =IF(E2="Não",G2,VLOOKUP(C2,'Inscrições'!D:H,2,FALSE)) -> 26465 | P2: =IF(E2="Não",I2,VLOOKUP(C2,'Inscrições'!D:H,4,FALSE)) -> COTRIGUAÇU
A3: 45890.401 | B3: Robert de Oliveira Diglio | C3: 070.640.921-31 | D3: (66)98140-1621 | E3: Sim | N3: =IF(E3="Não",F3,VLOOKUP(C3,'Inscrições'!D:I,6,FALSE)) -> robertdiglio@gmail.com | O3: =IF(E3="Não",G3,VLOOKUP(C3,'Inscrições'!D:H,2,FALSE)) -> 38754 | P3: =IF(E3="Não",I3,VLOOKUP(C3,'Inscrições'!D:H,4,FALSE)) -> COLNIZA
A4: 45890.401 | B4: Ana Caroline Richetti Martins | C4: 053.854.911-44 | D4: (65)98457-9488 | E4: Sim | N4: =IF(E4="Não",F4,VLOOKUP(C4,'Inscrições'!D:I,6,FALSE)) -> 93richetti@gmail.com | O4: =IF(E4="Não",G4,VLOOKUP(C4,'Inscrições'!D:H,2,FALSE)) -> 36627 | P4: =IF(E4="Não",I4,VLOOKUP(C4,'Inscrições'!D:H,4,FALSE)) -> COTRIGUAÇU
A5: 45890.401 | B5: Juliana Cruz Amorim | C5: 013.384.051-44 | D5: (66)98445-6698 | E5: Não | F5: julianacruzamorim@hotmail.com | G5: 31584 | H5: (66) 98445-6698 | I5: Cotriguaçu | J5: Gestão municipal | K5: Tecnica Administrativo Educacional | N5: =IF(E5="Não",F5,VLOOKUP(C5,'Inscrições'!D:I,6,FALSE)) -> julianacruzamorim@hotmail.com | O5: =IF(E5="Não",G5,VLOOKUP(C5,'Inscrições'!D:H,2,FALSE)) -> 31584 | P5: =IF(E5="Não",I5,VLOOKUP(C5,'Inscrições'!D:H,4,FALSE)) -> Cotriguaçu
A6: 45890.402 | B6: Aparecida Maria de Lima | C6: 013.383.281-31 | D6: (66)99608-2379 | E6: Não | G6: 31495 | H6: (66)99608-2379 | I6: CASTANHEIRA | J6: Gestão municipal | K6: Gmc | N6: =IF(E6="Não",F6,VLOOKUP(C6,'Inscrições'!D:I,6,FALSE)) | O6: =IF(E6="Não",G6,VLOOKUP(C6,'Inscrições'!D:H,2,FALSE)) -> 31495 | P6: =IF(E6="Não",I6,VLOOKUP(C6,'Inscrições'!D:H,4,FALSE)) -> CASTANHEIRA
A7: 45890.402 | B7: Daniella dos Santos Pimenta Sabatine | C7: 045.606.721-30 | D7: (66)98412-1377 | E7: Sim | N7: =IF(E7="Não",F7,VLOOKUP(C7,'Inscrições'!D:I,6,FALSE)) -> projetos@edu.juina.mt.gov.br | O7: =IF(E7="Não",G7,VLOOKUP(C7,'Inscrições'!D:H,2,FALSE)) -> 34534 | P7: =IF(E7="Não",I7,VLOOKUP(C7,'Inscrições'!D:H,4,FALSE)) -> JUÍNA
A8: 45890.402 | B8: Robson Natan Leite | C8: 020.615.391-06 | D8: (66)99942-1763 | E8: Sim | N8: =IF(E8="Não",F8,VLOOKUP(C8,'Inscrições'!D:I,6,FALSE)) -> robson.natan.leite@gmail.com | O8: =IF(E8="Não",G8,VLOOKUP(C8,'Inscrições'!D:H,2,FALSE)) -> 32764 | P8: =IF(E8="Não",I8,VLOOKUP(C8,'Inscrições'!D:H,4,FALSE)) -> BRASNORTE
A9: 45890.402 | B9: Letícia Caroline dos Santos Leal | C9: 055.457.621-08 | D9: (66)98124-8825 | E9: Sim | N9: =IF(E9="Não",F9,VLOOKUP(C9,'Inscrições'!D:I,6,FALSE)) -> leticiacsleal@gmail.com | O9: =IF(E9="Não",G9,VLOOKUP(C9,'Inscrições'!D:H,2,FALSE)) -> 35150 | P9: =IF(E9="Não",I9,VLOOKUP(C9,'Inscrições'!D:H,4,FALSE)) -> ARIPUANÃ
A10: 45890.402 | B10: Júlio Rodrigues de Oliveira | C10: 819.754.221-04 | D10: (66)99629-4130 | E10: Sim | N10: =IF(E10="Não",F10,VLOOKUP(C10,'Inscrições'!D:I,6,FALSE)) -> smec.bte-programas@brasnorte.mt.gov.br | O10: =IF(E10="Não",G10,VLOOKUP(C10,'Inscrições'!D:H,2,FALSE)) -> 29112 | P10: =IF(E10="Não",I10,VLOOKUP(C10,'Inscrições'!D:H,4,FALSE)) -> BRASNORTE
A11: 45890.402 | B11: Rosemeire Jacinta Duarte | C11: 858.944.941-68 | D11: (66)99639-0551 | E11: Sim | N11: =IF(E11="Não",F11,VLOOKUP(C11,'Inscrições'!D:I,6,FALSE)) -> rosimeire_pmcastanheira@hotmail.com | O11: =IF(E11="Não",G11,VLOOKUP(C11,'Inscrições'!D:H,2,FALSE)) -> 28456 | P11: =IF(E11="Não",I11,VLOOKUP(C11,'Inscrições'!D:H,4,FALSE)) -> CASTANHEIRA
A12: 45890.403 | B12: Luiz Sanches carpes | C12: 019.842.802-47 | D12: (66)99955-5366 | E12: Não | F12: luizsanches.lsc@gmail.com | G12: 32228 | H12: (66)99955-5366 | I12: Porto dos Gaúchos | J12: Gestão Municipal | K12: Coordenador de Transporte Escolar | N12: =IF(E12="Não",F12,VLOOKUP(C12,'Inscrições'!D:I,6,FALSE)) -> luizsanches.lsc@gmail.com | O12: =IF(E12="Não",G12,VLOOKUP(C12,'Inscrições'!D:H,2,FALSE)) -> 32228 | P12: =IF(E12="Não",I12,VLOOKUP(C12,'Inscrições'!D:H,4,FALSE)) -> Porto dos Gaúchos
A13: 45890.403 | B13: Juliana yung | C13: 035.331.941-40 | D13: (66)99241-9900 | E13: Sim | N13: =IF(E13="Não",F13,VLOOKUP(C13,'Inscrições'!D:I,6,FALSE)) -> satres@edu.aripuana.mt.gov.br | O13: =IF(E13="Não",G13,VLOOKUP(C13,'Inscrições'!D:H,2,FALSE)) -> 32665 | P13: =IF(E13="Não",I13,VLOOKUP(C13,'Inscrições'!D:H,4,FALSE)) -> ARIPUANÃ
A14: 45890.403 | B14: RAUL LUE SOUZA GAMA | C14: 041.901.265-60 | D14: (66)99255-0968 | E14: Não | F14: raullsg43@gmail.com | G14: 32772 | H14: (66)99255-0968 | I14: Juína | J14: Gestão Municipal | K14: Tecnico do transporte escolar | N14: =IF(E14="Não",F14,VLOOKUP(C14,'Inscrições'!D:I,6,FALSE)) -> raullsg43@gmail.com | O14: =IF(E14="Não",G14,VLOOKUP(C14,'Inscrições'!D:H,2,FALSE)) -> 32772 | P14: =IF(E14="Não",I14,VLOOKUP(C14,'Inscrições'!D:H,4,FALSE)) -> Juína
A15: 45890.403 | B15: Géssica Santos da Silva | C15: 063.768.491-56 | D15: (66)99669-5642 | E15: Sim | N15: =IF(E15="Não",F15,VLOOKUP(C15,'Inscrições'!D:I,6,FALSE)) -> gessica.silva@edu.juina.mt.gov.br | O15: =IF(E15="Não",G15,VLOOKUP(C15,'Inscrições'!D:H,2,FALSE)) -> 36582 | P15: =IF(E15="Não",I15,VLOOKUP(C15,'Inscrições'!D:H,4,FALSE)) -> JUÍNA
A16: 45890.404 | B16: Claudete Casusa de Sousa e Sousa | C16: 000.427.951-41 | D16: (66)99685-2919 | E16: Sim | N16: =IF(E16="Não",F16,VLOOKUP(C16,'Inscrições'!D:I,6,FALSE)) -> claudetecasusade@gmail.com | O16: =IF(E16="Não",G16,VLOOKUP(C16,'Inscrições'!D:H,2,FALSE)) -> 27886 | P16: =IF(E16="Não",I16,VLOOKUP(C16,'Inscrições'!D:H,4,FALSE)) -> CASTANHEIRA
A17: 45890.405 | B17: Ildamir Teixeira de Faria | C17: 862.362.881-68 | D17: (66)99987-2579 | E17: Não | F17: ildamirfaria@hotmail.com | G17: 28392 | H17: (66)99987-2579 | I17: Juína - MT | J17: Gestão Municipal | K17: Assessor de Logística | N17: =IF(E17="Não",F17,VLOOKUP(C17,'Inscrições'!D:I,6,FALSE)) -> ildamirfaria@hotmail.com | O17: =IF(E17="Não",G17,VLOOKUP(C17,'Inscrições'!D:H,2,FALSE)) -> 28392 | P17: =IF(E17="Não",I17,VLOOKUP(C17,'Inscrições'!D:H,4,FALSE)) -> Juína - MT
A18: 45890.405 | B18: Raquel dos Santos | C18: 045.891.661-78 | D18: (66)98434-5016 | E18: Sim | N18: =IF(E18="Não",F18,VLOOKUP(C18,'Inscrições'!D:I,6,FALSE)) -> rakely_st@hotmail.com | O18: =IF(E18="Não",G18,VLOOKUP(C18,'Inscrições'!D:H,2,FALSE)) -> 33914 | P18: =IF(E18="Não",I18,VLOOKUP(C18,'Inscrições'!D:H,4,FALSE)) -> JURUENA
A19: 45890.406 | B19: Alessandra Levertina Almeida de Oliveira | C19: 858.385.271-53 | D19: (66)98420-3658 | E19: Sim | N19: =IF(E19="Não",F19,VLOOKUP(C19,'Inscrições'!D:I,6,FALSE)) -> ale.almeida2023@outlook.com | O19: =IF(E19="Não",G19,VLOOKUP(C19,'Inscrições'!D:H,2,FALSE)) -> 28615 | P19: =IF(E19="Não",I19,VLOOKUP(C19,'Inscrições'!D:H,4,FALSE)) -> JURUENA
A20: 45890.409 | B20: Neiber Marques staut de Carvalho | C20: 960.721.051-49 | D20: (66)98417-3588 | E20: Não | F20: Neiberstaut@hotmail.com | G20: 31090 | H20: (66)98417-3588 | I20: Aripuanā | J20: Gestão Municipal | K20: Divisão de Trasnporte Escolar | N20: =IF(E20="Não",F20,VLOOKUP(C20,'Inscrições'!D:I,6,FALSE)) -> Neiberstaut@hotmail.com | O20: =IF(E20="Não",G20,VLOOKUP(C20,'Inscrições'!D:H,2,FALSE)) -> 31090 | P20: =IF(E20="Não",I20,VLOOKUP(C20,'Inscrições'!D:H,4,FALSE)) -> Aripuanā
A21: 45890.411 | B21: Nelson Coutinho de Menezes | C21: 104.277.988-09 | D21: (66)98443-1619 | E21: Sim | N21: =IF(E21="Não",F21,VLOOKUP(C21,'Inscrições'!D:I,6,FALSE)) -> nelson.c.menezes@gmail.com | O21: =IF(E21="Não",G21,VLOOKUP(C21,'Inscrições'!D:H,2,FALSE)) -> 25081 | P21: =IF(E21="Não",I21,VLOOKUP(C21,'Inscrições'!D:H,4,FALSE)) -> JURUENA

Sheet Inscrições
A1: Carimbo de data/hora | B1: Endereço de e-mail | C1: Nome Completo: | D1: CPF | E1: Data de Nascimento | F1: Telefone (XX)XXXXX-XXXX | G1: Município que representa: | H1: Você faz parte do: | I1: E-mail | J1: Que cargo você ocupa na gestão municipal? | K1: Prezado(a) Gestor(a), Se existe algum caso de sucesso da gestão do transporte escolar no seu município, gostaríamos conhecer mais um pouco ao respeito. Por favor, relate de forma sucinta o caso de sucesso no espaço a seguir: | L1: Que cargo você ocupa no CACS-FUNDEB?
A2: 45874.64 | B2: ale.almeida2023@outlook.com | C2: Alessandra levertina Almeida de Oliveira | D2: 858.385.271-53 | E2: 28615 | F2: (66)98420-3658 | G2: JURUENA | H2: CACS-FUNDEB | I2: =B2 -> ale.almeida2023@outlook.com | L2: Presidente
A3: 45888.505 | B3: ale.almeida2023@outlook.com | C3: Alessandra levertina Almeida de Oliveira | D3: 858.385.271-53 | E3: 28615 | F3: (66)98420-3658 | G3: JURUENA | H3: CACS-FUNDEB | I3: =B3 -> ale.almeida2023@outlook.com | L3: presidente
A4: 45877.456 | B4: 93richetti@gmail.com | C4: Ana Caroline Richetti Martins | D4: 053.854.911-44 | E4: 36627 | F4: (65)98457-9488 | G4: COTRIGUAÇU | H4: Gestão municipal | I4: =B4 -> 93richetti@gmail.com | J4: Técnico administrativo educacional
A5: 45887.378 | B5: ana.dacol@castanheira.edu.mt.gov.br | C5: Ana Paula de Oliveira Dacol Maria | D5: 040.107.811-65 | E5: 45887 | F5: (66)99710-7907 | G5: CASTANHEIRA | H5: Gestão municipal | I5: =B5 -> ana.dacol@castanheira.edu.mt.gov.br | J5: Assessora Pedagógico | K5: TRANS ESCOLAR 100%
A6: 45877.456 | B6: claudetecasusade@gmail.com | C6: Claudete Casusa de Sousa e Sousa | D6: 000.427.951-41 | E6: 27886 | F6: (66)99685-2919 | G6: CASTANHEIRA | H6: Gestão municipal | I6: =B6 -> claudetecasusade@gmail.com | J6: Professora | K6: Aumento da frota. Com isso facilitou para os alunos que moram mais distantes.
A7: 45876.5 | B7: projetos@edu.juina.mt.gov.br | C7: Daniella dos Santos Pimenta Sabatine | D7: 045.606.721-30 | E7: 34534 | F7: (66)98412-1377 | G7: JUÍNA | H7: CACS-FUNDEB | I7: =B7 -> projetos@edu.juina.mt.gov.br | L7: Representante dos Técnicos da Educação
A8: 45888.624 | B8: elisangelatorresaraujo@gmail.com | C8: Elisângela Torres Araújo | D8: 571.400.901-06 | E8: 27434 | F8: (66)99722-7878 | G8: BRASNORTE | H8: CACS-FUNDEB | I8: =B8 -> elisangelatorresaraujo@gmail.com | L8: Presidente
A9: 45876.591 | B9: gessica.silva@edu.juina.mt.gov.br | C9: Géssica Santos da Silva | D9: 063.768.491-56 | E9: 36582 | F9: (66)99669-5642 | G9: JUÍNA | H9: Gestão municipal | I9: =B9 -> gessica.silva@edu.juina.mt.gov.br | J9: Prestação de Contas
A10: 45890.368 | B10: ildamirfaria@hotmail.com | C10: Ildamir Teixeira de Faria | D10: 862.369.891-68 | E10: 28392 | F10: (66)99987-2579 | G10: JUÍNA | H10: Gestão municipal | I10: =B10 -> ildamirfaria@hotmail.com | J10: Assessor de Logística - Transporte Escolar | K10: Não.
A11: 45877.416 | B11: jessicamacedo218@gmail.com | C11: Jéssica Thailis Freitas de Macedo | D11: 035.806.171-76 | E11: 33281 | F11: (66)99689-9179 | G11: CASTANHEIRA | H11: CACS-FUNDEB | I11: =B11 -> jessicamacedo218@gmail.com | L11: Suplente, representante de pais.
A12: 45877.589 | B12: jocelijesus@hotmail.com | C12: Joceli Teodoro Candido de Jesus | D12: 877.974.451-68 | E12: 27631 | F12: (66)98441-6839 | G12: COTRIGUAÇU | H12: CACS-FUNDEB | I12: =B12 -> jocelijesus@hotmail.com | L12: Secretário
A13: 45875.441 | B13: satres@edu.aripuana.mt.gov.br | C13: juliana yung | D13: 035.331.941-40 | E13: 32665 | F13: (66)99241-9900 | G13: ARIPUANÃ | H13: Gestão municipal | I13: =B13 -> satres@edu.aripuana.mt.gov.br | J13: secretaria adjunta transporte escolar
A14: 45889.472 | B14: smec.bte-programas@brasnorte.mt.gov.br | C14: JULIO RODRIGUES DE OLIVEIRA | D14: 819.754.221-04 | E14: 29112 | F14: (66)99629-4130 | G14: BRASNORTE | H14: Gestão municipal | I14: =B14 -> smec.bte-programas@brasnorte.mt.gov.br | J14: DIRETOR DE PROGRAMAS E PROJETOS
A15: 45873.456 | B15: leticiacsleal@gmail.com | C15: Letícia Caroline dos Santos Leal | D15: 055.457.621-08 | E15: 35150 | F15: (66)98124-8825 | G15: ARIPUANÃ | H15: CACS-FUNDEB | I15: =B15 -> leticiacsleal@gmail.com | L15: Secretária
A16: 45874.442 | B16: loroprof@hotmail.com | C16: Lourival Alves da Rocha | D16: 616.935.881-53 | E16: 27092 | F16: (66)99633-4633 | G16: CASTANHEIRA | H16: Gestão municipal | I16: =B16 -> loroprof@hotmail.com | J16: Técnico do Transcolar | K16: O município de Castanheira alcançou um marco importante: 100% dos alunos da rede municipal e estadual estão georreferenciados e devidamente alocados no transporte escolar que atende suas localidades. Essa conquista só foi possível graças à colaboração eficiente entre o Técnico do Transcolar, a Secretaria Municipal de Educação, os motoristas e a própria comunidade escolar.
A17: 45880.358 | B17: luizsanches.lsc@gmail.com | C17: luiz sanches carpes | D17: 019.842.801-47 | E17: 32228 | F17: (66)99955-5366 | G17: PORTO DOS GAÚCHOS | H17: Gestão municipal | I17: =B17 -> luizsanches.lsc@gmail.com | J17: coordenador de transporte escolar | K17: gostaria de informar, que o sistema em si funciona perfeitamente , porem gostaria de frisar que a uma falha e gostaria de sugerir uma mudança. que o sistema tivesse uma ferramenta que recebesse as matriculas direto do diário eletrônico bem como o transcolar do estado de mato grosso criado pela seduc/mt , ficando assim melhor o atendimento e gerenciamento deste sistema, temos dificuldades em manter dosi sistemas de gestão escolar dentro do município.
A18: 45880.482 | B18: maria@edu.portodosgauchos.mt.gov.br | C18: Maria da Conceição de Carvalho | D18: 005.937.051-30 | E18: 29717 | F18: (66)99696-3740 | G18: PORTO DOS GAÚCHOS | H18: CACS-FUNDEB | I18: =B18 -> maria@edu.portodosgauchos.mt.gov.br | L18: Presidente
A19: 45874.432 | B19: nelson.c.menezes@gmail.com | C19: Nelson Coutinho de Menezes | D19: 104.277.988-09 | E19: 25081 | F19: (66)98443-1619 | G19: JURUENA | H19: Gestão municipal | I19: =B19 -> nelson.c.menezes@gmail.com | J19: Técnico em Prestação de Contas
A20: 45880.685 | B20: paulopfernando@hotmail.com | C20: PAULO FERNANDES PERES | D20: 531.307.071-15 | E20: 26465 | F20: (66)98124-6606 | G20: COTRIGUAÇU | H20: CACS-FUNDEB | I20: =B20 -> paulopfernando@hotmail.com | L20: membro do conselho Representante de Gestores
A21: 45875.463 | B21: rakely_st@hotmail.com | C21: Raquel dos Santos | D21: 045.891.661-78 | E21: 33914 | F21: (66)98434-5016 | G21: JURUENA | H21: Gestão municipal | I21: =B21 -> rakely_st@hotmail.com | J21: Técnica Administrativa Educacional - Técnica do transporte
A22: 45873.62 | B22: robertdiglio@gmail.com | C22: Robert de Oliveira Diglio | D22: 070.640.921-31 | E22: 38754 | F22: (66)98140-1621 | G22: COLNIZA | H22: Gestão municipal | I22: =B22 -> robertdiglio@gmail.com | J22: Agente Administrativo
A23: 45889.476 | B23: robson.natan.leite@gmail.com | C23: Robson Natan Leite | D23: 020.615.391-06 | E23: 32764 | F23: (66)99942-1763 | G23: BRASNORTE | H23: Gestão municipal | I23: =B23 -> robson.natan.leite@gmail.com | J23: Coordenador do Transcolar Rural
A24: 45889.634 | B24: rosimeire_pmcastanheira@hotmail.com | C24: ROSEMEIRE JACINTA DUARTE | D24: 858.944.941-68 | E24: 28456 | F24: (66)99639-0551 | G24: CASTANHEIRA | H24: Gestão municipal | I24: =B24 -> rosimeire_pmcastanheira@hotmail.com | J24: Agente Administrativo III
A25: 45875.697 | B25: cacs-fundeb@colniza.mt.gov.br | C25: RUBENS MARQUES | D25: 046.683.647-38 | E25: 28213 | F25: (66)98114-7158 | G25: COLNIZA | H25: CACS-FUNDEB | I25: =B25 -> cacs-fundeb@colniza.mt.gov.br | L25: PRESIDENTE
